EAN,Nome,Marca,Grupo (estimado),Embalagem,kcal/100g,Proteína,Hidratos,Gordura,Aviso
17160483,"Queijo Amanteigado Intenso","Haciendado",laticinios,"Variável, ~1,000 kg",387,20,2.5,33,
20006150,"Knäckebrot Wholegrain Rye Crispbread","Rivercote",cereais,"250 g",324,10.5,64,1.6,
20017088,"Pulled Pork","Sem marca",carnes,"550 g",144,18,2,7,
20041649,"Atún claro en aceite de oliva","Nixe",gorduras,"156 g (3 x 52 g) [240 g (3 x 80 g)]",333,18,0,29,
20050764,"Dorada","Opey",snacks,"600 g (3 x 200 g)",481.3,6.3,70.3,19.1,
20077365,"Frankfurt 8 Salsichas","Fumadinho",carnes,"200 g",76.5,5,1.7,5.5,
20084431,"Black Beans in Brine","Sol&Mar",gorduras,"520 g (820 g)",82,6,10,0.4,
20121891,"Morenazos","Morenazos",snacks,"330 g (5 x 66 g)",497.4,5.3,68.7,22.2,
20129200,"Fiambre da Perna Extra Finíssimo","Fumadinho",carnes,"225 g",104,18,1.7,2.8,
20171841,"Roggen Vollkorn-Knäckebr","Sem marca",cereais,"250 g",373.3,8.3,60,1.5,
20186852,"Pão de Forma Clássico","Certossa",cereais,"600 g",261,10.5,46.2,3.1,
20186869,"Pão de Forma Integral","Certossa",cereais,"600 g",259,9.9,41.2,4.5,
20186876,"Pão de Forma sem Côdea","A Minha Padaria",cereais,"450 g",242,9.5,43.6,2.7,
20186890,"Pão para Ham Burguer","A Minha Padaria",carnes,"",288,9.5,47.9,5.9,
20189105,"Wellness organic tea","Lord Nelson",laticinios,"12 x 2 g",0,0.1,0.2,0,
20203429,"Choco Flakes","Goody",cereais,"500 g",389,9.3,74.7,4.4,
20203634,"Atún claro en aceite de girasol","Nixe",carnes,"",198,27,0,10,
20213350,"Estrelas","Goody",cereais,"375 g",389,7.7,81,2.5,
20221126,"Magdalenas Cuadradas","La Cestera",snacks,"500 g",442,5,60,20,
20225438,"Morango","Lactolus",laticinios,"180 g",66,2.8,13.5,0.1,
20225445,"Morango-Banana","Lactolus",laticinios,"180 g",67,2.8,13.5,0.1,
20303471,"Tostas Clássicas","A Minha Padaria",cereais,"",403,12,70,7.5,
20361211,"Queijo Fatiado Flamengo dos Açores","Terra do Vento",laticinios,"275 g",353,23.9,0.5,27.9,
20369088,"Barrado","Terra do Vento",laticinios,"",353,20,3,29,
20398545,"Azeite virgem extra Português Clássico","Chaparro",gorduras,"750 ml",822,0,0,91.3,
20408923,"Tortitas de Maíz","Sem marca",cereais,"130g",363,7,83.6,1.6,
20425555,"Pesto alla Genovese","Sem marca",snacks,"190 gram",464,4.5,8.7,45.4,
20462222,"Fibre Sticks","Goody",cereais,"500 g",326,13,0,3.1,kcal incoerente com os macros
20468279,"Minitostas Integrais","A Minha Padaria",cereais,"180 g",396,12,63,9.3,
20468613,"Choco Flakes","Goody",cereais,"750 g",383,8.1,77,3.4,
20468972,"Chocolate para Culinária","Sem marca",snacks,"200 g",512,6.1,56.8,27.6,
20513429,"Atum Posta ao natural","Nixe",carnes,"",81,19,0.1,0.4,
20548513,"Triple Taste Ice Cream with Stracciatella, Hazelnut & Pistachio","Gelatelli",laticinios,"2 l",231,3.1,30.7,10.3,
20557041,"Biscoitos de Amêndoa","La Cestera",snacks,"",469,10.9,61.8,19.1,
20609849,"Biscoitos de Canela","Samor",snacks,"300 g",429.8,7.8,63.6,15.6,
20622640,"100% cevada solúvel","Bellarom",laticinios,"200g",350,4.4,78,0.5,
20666323,"Cocktail de Marisco","ocean sea",carnes,"400 g",77,10,4.1,2.2,
20685683,"Relax","Lord Nelson",laticinios,"20 x 2 g",0,0,0,0,
20692230,"Skyr Natural","Milbona (Lidl)",laticinios,"150 g",60,11,4,0.2,
20692810,"Línguas de Veado","Samor",snacks,"300 g",497,5.7,64,23.9,
20787905,"Protein +","Sportyfeel",snacks,"61 g",385,35.4,31,16.4,
20908089,"Miel de flores","Maribel",gorduras,"250 g",302,0.4,75.1,0.1,
20922481,"Queijo Fatiado Flamengo dos Açores sem Lactose","Terra do Vento",laticinios,"200 g",353,23.9,0.5,27.9,
20922597,"Queijo Fatiado ilha dos Açores","Terra do Vento",laticinios,"200 g",402,26,0.2,33,
20943509,"Pieczarki brązowe","Sem marca",carnes,"300g",101,2.8,1.5,0.5,kcal incoerente com os macros
40893532,"Cashew Nuts XXL","Sem marca",gorduras,"500 g",600,20.5,19.8,47.6,
40896519,"Filetes de caballa","NIXE",carnes,"180 g",225,24.6,0,13.8,
54492653,"Powerade Mountain Blast","Coca-Cola Company",snacks,"500 ml",18,0,4.1,0,
56052954,"uma laranja","Compal",laticinios,"110 ml",53,0.8,11.2,0.5,
80177609,"Kinder Chocolate","Kinder",snacks,"50g",566,8.7,53.5,35,
84100900,"Gelatina sabor Morango","Royal",snacks,"100 g",10,1.6,0.9,0,
5601312512530,"Leite com sabor a Chocolate","Continente",laticinios,"200 ml",69.5,3.8,10.4,1.3,
5601312137061,"Leite Meio Gordo","Continente",laticinios,"1,5 l",45.2,3.1,4.6,1.6,
5601312515050,"Leite com Chocolate","Continente",laticinios,"200 ml",71,3.6,10.3,1.5,
5601312510130,"Mythos Iogurte estilo Grego Natural","CONTINENTE MYTHOS",laticinios,"1 kg",106,3.8,4.2,8.2,
5601312510871,"+ Proteína Aroma Café","+Proteína",laticinios,"280 g",50,7.2,4.4,0.4,
3023290053317,"Creations Natural","Nestlé",laticinios,"1000 g",46,6.8,4.5,0.1,
5601048541033,"Líquido Sabor Frutos Tropicais","Nestlé",laticinios,"160 g / 149 ml",67,2.7,11.9,0.9,
5601312512639,"Iogurte","Continente Equilíbrio",laticinios,"",31.9,0,0,0,kcal incoerente com os macros
5601050033113,"Ananás & Coco","Danone",laticinios,"155 g / 151 ml",32,2.7,4.4,0.4,
5601050022940,"Morango","Danone",laticinios,"120 g",72,3,10,2.2,
5601050036619,"Iogurte Grego Maçã Canela","Danone",laticinios,"440 g (4 x 110 g)",146,2.7,15.3,8.2,
5601050036961,"Frutos Tropicais","Danone",laticinios,"155 g / 151 ml",32,2.7,4.4,0.4,
5601050033182,"Sabor Tutti-Frutti","Danone",laticinios,"145 ml / 155 g",84,1.9,10.9,3.3,
5601048541064,"Yoggi Líquido Sabor Limonada","Nestlé",laticinios,"160 g",76,2.9,14,1.1,
5601312510918,"Active Defense Morango","Continente",laticinios,"1200 g / 1092 ml (12 x 100 g / 12 x 91 ml)",66,2.2,10.8,1.5,
5603722521874,"Iogurte Líquido Magro Frutos Tropicais","Mimosa",laticinios,"1208 ml (8 x 151 ml) / 1240 g (8 x 155 g)",32,3.2,3.7,0.2,
5601312508823,"Pedaços Frutos Silvestres","Continente",laticinios,"",86,3.8,14.6,1.3,
5603722515057,"Magro Morango","Mimosa",laticinios,"156 ml",33,3.4,3.7,0.2,
5603722515095,"Magro Morango Kiwi","Mimosa",laticinios,"156 ml / 160 g",33,3.4,3.7,0.2,
5601050031775,"Iogurte Grego Natural","Danone",laticinios,"115 g x 4",122,3.2,4.1,10,
5601312505594,"Grego ligeiro natural","Continente",laticinios,"",61,5.3,5.5,2,
5603722515972,"Magro Frutos Silvestres","Mimosa",laticinios,"156 ml",33,3.4,3.7,0.2,
5601312504801,"Bolacha","Continente",laticinios,"160 g",78,2.4,13,1.6,
5601312142812,"Iogurte Magro Líquido Morango","Continente",laticinios,"1 kg",40,3.2,6,0,
5603722518423,"Iogurte com Pedaços de Morango","Agros",laticinios,"120 g",93,4,16,1.3,
5601312503514,"Iogurte Aroma Pack Poupança","Continente",laticinios,"2 kg (16 x 125 g)",66,3.3,9.6,1.6,
5601312512707,"Mythos Sensação Iogurte estilo Grego Avelã Chocolate","Continente",laticinios,"460 g (4 x 115 g)",137,3.4,13.9,7.5,
5601312503798,"Yogurt cereals","Continente",laticinios,"6 x 125 g",92,39,15,1.6,kcal incoerente com os macros
5601312510703,"Super Smoothie Morango, Beterraba e Gengibre","Continente",laticinios,"280 g",54,2.4,9.5,0.7,
5601312504696,"Bolacha","Continente",laticinios,"640 g (4 x 160 g) / 600 ml (4 x 150 ml)",78,2.4,13,1.6,
5601158401746,"Iogurte com Pedaços Sem Lactose Morango","Nutrégi",laticinios,"480 g (4 x 120 g)",81.1,3.8,13.4,1.3,
5601312501558,"Iogurte líquido morango banana","Continente",laticinios,"160 g / 150 ml",71.1,2.3,13,1.1,
5601312501534,"Iogurte líquido morango","Continente",laticinios,"160 g / 150 ml",71.1,2.3,13,1.1,
5601312503736,"equilíbrio frutos silvestres","Continente",laticinios,"124g",40,4.2,5.3,0.1,
5601312508816,"Pêssego Pedaços","Continente",laticinios,"",85,3.8,14.4,1.4,
5601312508625,"Iogurte bifidus de morango e kiwi","Continente",laticinios,"",61,2.2,10,1.3,
5601312513780,"Iogurte Líquido Caramel Macchiato","Continente",laticinios,"",71,2.3,11.9,1.5,
5601312514787,"+ Proteína Morango","Continente",laticinios,"180 g",47,7.4,4,0.2,
5601312145493,"Pedaços","Continente",laticinios,"1500 g (12 x 125 g)",83,3.8,14.7,1,
5601312141259,"Iogurte Líquido Morango","Continente",laticinios,"1 kg",72,2.3,13,1.1,
5601312506119,"Bifidus","Continente",laticinios,"",107,3.7,16,2.8,
5601312514497,"Mythos Iogurte estilo Grego Melão","Continente",laticinios,"460 g (4 x 115 g)",136,3.1,16.4,6.4,
5601244202158,"Queijo de Pastagem Light","Terra Nostra",laticinios,"400 g (2 x 200 g)",230,26.5,1.5,13,
5603722516191,"Queijo Fresco Magro","Matinal",laticinios,"216 g (3 x 72 g)",52.8,11,3.6,0,
5601098444445,"Queijo Fresco Cabra","Paiva",laticinios,"125 g (2 x 62,5 g)",170,9.3,3.7,13,
5607890000025,"Queijo Fresco","Tété",laticinios,"",121,7.9,5.5,7.5,
5601980000025,"Requeijão Magro","Quinta de São Cosme",laticinios,"250 g",97,8.8,4.2,5,
5601312305033,"Queijo fresco Meio gordo","Continente",laticinios,"250 g (4 x 62,5 g)",157,11,3.2,11,
5601312304975,"Queijo Fresco","Continente",laticinios,"250 g",181,10,3.4,14,
5601312515586,"Palitos de Queijo","Continente",laticinios,"300 g",274,12,21.2,15,
5601312305255,"Ricotta de Vaca","Continente",laticinios,"250 g",150,7.5,3,12,
5601312306474,"Queijo Fresco para Barrar","Continente",gorduras,"200 g",153,9.5,4,11,
5601312303565,"Queijo fresco para barrar Alho e Ervas","Continente",gorduras,"",252,23.5,4.5,16,
5601312305125,"Queijo Parmigiano Reggiano","Continente",laticinios,"200 g",402,32,0,30,
5601312306214,"Requeijão de Vaca","Continente",laticinios,"170 g",140,9.5,6.3,8.5,
5601312173786,"Queijo Fresco para barrar","Continente",gorduras,"175 g",197,8,3,17,
5601312304425,"Queijo Raclette","Continente",laticinios,"400 g",362,26,1,28,
5601312147619,"Queijo Flamengo Fatiado Açores","Continente",laticinios,"250 g",333,22,0.6,27,
5601312306771,"Queijo de Vaca Curado","Continente",laticinios,"",332,19,0.7,28.4,
5600345760000,"Requeijão Serra da Estrela DOP","Vale da Estrela",laticinios,"200 g",240,6.3,5.5,21.4,
5601980000018,"Requeijão","Quinta de São Cosme",laticinios,"250 g",238,8.9,1.2,21.7,
5601312508397,"Palitos de Queijo Fundido","Continente",laticinios,"240 g",272,9,29,13,
5601312304234,"Queijo Camembert","Continente",laticinios,"240 g",262,16,2.2,21,
8437008383538,"Queso Crema","Quescrem",gorduras,"150 g",197,8,3,17,
5601312304791,"Feta DOP","Continente",laticinios,"150 g",281,15,3.1,23,
5601312303275,"Queijo Parmigiano Reggiano","Continente",laticinios,"200 g",402,32,0,30,
5601312303961,"Queijo Flamengo Ralado","Continente",laticinios,"150 g",344,24,5.7,25,
5601312307006,"Requeijão de Ovelha de Azeitão","Continente",laticinios,"200 g",186,9.4,4.4,15,
5601312307037,"Requeijão de Ovelha de Serpa","Continente",laticinios,"150 g",227,9.9,4,19,
5609341000196,"Queijo Curado Amanteigado","5 Estrelas",laticinios,"",238,19,0.5,23,
2610036000004,"Meio Gordo","LACTOVIL",laticinios,"Variável, ~500 g",276,23.3,1.7,19.6,
5601312307150,"Requeijão de Ovelha de Azeitão","Continente",laticinios,"200 g",196,9.6,4.5,16,
5601312306108,"Queijo Fresco de Ovelha","Continente",laticinios,"80 g",204,11,6.5,15,
5601312305569,"Queijo Danablu IGP","Continente",laticinios,"100 g",350,20,0.1,30,
5601312307587,"Queijo de Vaca Curado Amanteigado","Continente",laticinios,"480g",305,18,3,24.5,
5601312307228,"Queijo para Pratos Mexicanos","Continente",laticinios,"200 g",357,23,2.9,27.9,
5601312308003,"Mascarpone","Continente",laticinios,"250 g",348,5.8,3.2,34.6,
5601312308041,"Parmigiano Reggiano","Continente",laticinios,"200 g",402,32,0,30,
5701638154848,"Cubos de Queijo com Pimenta","Akadia",laticinios,"100 g",415,11,0.8,41,
5601312509769,"Ovos Frescos L","Continente",carnes,"",141,12,0.7,10,
5601312508199,"Ovos Frescos","Continente",carnes,"",141,12,0.7,10,
5601312508366,"Ovos Classe L","Sem marca",carnes,"",141,13,1,9.3,
5601383014513,"O Merceeiro Sugere 8 Salsichas Franfurt","Izidoro",carnes,"200 g",141,8.7,3.5,10.3,
5601312068464,"Paté de campagne","Continente",carnes,"125 g",247,8.8,3.4,22,
5601312303664,"Bacon Fumado","Continente",carnes,"120 g (2 x 60 g)",265,16,0.5,22,
5601312048800,"Salsichas","Continente",carnes,"",160,11,3.5,12,
5601312306412,"Chouriço Mouro","Continente",carnes,"",269,22.8,0.5,19.5,
5601312303718,"Mortadela com Azeitonas","Continente",carnes,"200 g",253,11,6.8,20,
5601312300229,"Fiambre da pá fatiado","Continente",carnes,"300 g",81.3,13,1.7,2.5,
5601312300465,"Moira Lamego","Continente",carnes,"0,180 kg",392,29.1,1.9,29.1,
5601312146872,"Chouriço Arganil","Continente",carnes,"0,220 kg",325,23,3.3,25,
5600341001312,"Leitão Assado em Forno Lenha com o Famoso Molho Típico da Região","HM Caneira Negrais",carnes,"550 g (550 g + 40 g)",220,25,0,13.4,
5601312886075,"Hambúrguer Carne Alentejana","Continente",carnes,"465 g",219.8,17.2,1,16.4,
5601312100072,"Atum ao Natural","TRITÃO",carnes,"110 g (77 g)",106,25,0.5,0.7,
5606677100293,"Atum Posta ao Natural","Minerva",carnes,"84 g",105,25,0.5,0.5,
5601312075851,"Atum Posta ao Natural","Bolina",carnes,"85 g (120 g)",91.7,25,0.5,0.8,
5601312103523,"Sardinhas em tomate","Alva",carnes,"120 g (85 g)",159,16.2,2.3,9.4,
5601029003079,"Filete de Atum ao Natural","Tenorio",carnes,"120 g (84 g)",108,26,0,0,
5601312075929,"Atum Posta em Molho de Tomate e Orégãos","Bolina",carnes,"120 g",323,23,0.5,25.5,
5601312075875,"Atum Posta em Azeite","Bolina",gorduras,"120 g (85 g)",242,27,0.5,14.7,
5601312103516,"Sardinhas em tomate picante","Alva",carnes,"120 g (85 g)",182,15.6,2.5,12.1,
5601312994886,"Lombos pescada do cabo","Continente",carnes,"",81,17,0,1.3,
5601312103509,"Sardinhas em azeite","Alva",gorduras,"120 g (85 g)",217,22.6,0.5,13.7,
5601312305859,"Salmão Fumado","Continente",carnes,"",211,23,0.5,13,
5601312993735,"Paloco-do-Pacífico","Continente",carnes,"500 g",80,19,0,0.4,
5601312102021,"Atum Óleo Girassol","Alma do Mar",carnes,"110 g (71,5 g)",263,23.5,0.6,18.5,
5601312994060,"Bacalhau desfiado continente","Continente",carnes,"",71,16,0.5,0.6,
5601312306979,"Salmão Fumado","Continente",carnes,"200g",238,22,0.5,16.4,
5601312066347,"Cavalas em Azeite","Continente",carnes,"120 g (90 g)",179,24,0,9.2,
5601312995012,"Bacalhau-do-Pacífico","Continente",carnes,"500 g",80,19,0,0.5,
5601312993025,"Preparado para Arroz de Marisco","Continente",carnes,"800 g",92,13,5.3,2.1,
5606677000494,"Pescada ao Natural","A Poveira",carnes,"120 g (70 g)",84,16,0.5,2.2,
5604524004848,"Filetes de peixe gato riscado","Guimarpeixe",carnes,"1,000 kg (1,200 kg)",225.5,12.3,0.5,2.4,kcal incoerente com os macros
5601312993698,"Alabote Filetes","Continente",carnes,"800 g",85,21,0,0.1,
5601312076292,"Atum Posta em Azeite","Bolina",gorduras,"250 g (385 g)",242,27,0.5,14.7,
5601312301783,"Atum Fumado","Continente",carnes,"",145,32,0.7,1.6,
5601312994251,"Perca-do-Nilo Lombos","Continente",carnes,"400 g",91,19,0.5,1.3,
5601312146971,"Douradinhos de Pescada","Continente",carnes,"450 g (15 x 30 g)",188,11,17,8.3,
5601312076483,"Filetes de Atum em Azeite","Bolina",gorduras,"120 g (85 g)",195,26,0,10,
5601312076476,"Filetes de Atum ao Natural","Bolina",carnes,"120 g (85 g)",118,26,0,1.5,
5601312071136,"Atum em Óleo Vegetal","Lusíadas",carnes,"110 g",205,22.8,0,12.6,
5601312073154,"Atum em Azeite","Cícero",gorduras,"",226,23.7,0,14.6,
5601312073147,"Atum ao Natural","Cícero",carnes,"",109,24.4,0,1.2,
5601312509332,"Douradinhos de Pescada","Continente",carnes,"450 g (15 x 30 g)",184,11,16,8.1,
5601312994367,"Miolo de Camarão Selvagem Congelado","Continente",carnes,"250 g",54,13,0.1,0.2,
5601312133643,"Delicícias do Mar Ultracongeladas","Continente",carnes,"250 g",110,6,13,4,
5601312993452,"Miolo de Camarão Calibre 30/40","Continente",carnes,"250 g",73,16,0.5,0.6,
5601312507703,"Pastéis de Bacalhau","Continente",carnes,"320 g",118,14,8.3,3,
5601312079880,"Salsichas tipo Frankfurt","Continente",carnes,"200 g (424 g)",160,10,3,12,
5601312307136,"Salsichas Crocantes Viena","Continente",carnes,"200 g",244,14.8,1.2,20,
5604321027057,"Marinheiras sem Sal","Cem Porcento",cereais,"200 g",417,12,64,11,
5601312179115,"Pão de forma integral","Continente",cereais,"460 g",243.5,11,40,3,
5601027114791,"Pão de forna com farinha de trigo integral e sementes","Oroweat",cereais,"590g",302,13,39,9.3,
5601312503361,"Pão de Alho","Continente",cereais,"2 x 175 g",331,6.9,43,14,
5601312079576,"Tosta De Trigo Integral Com Aveia E Sementes","Continente",cereais,"150 g",447,14,49,19,
5601312179092,"Pão de forma clássico","Continente",cereais,"",244,9,46,2,
5601312067092,"Pão de Milho","Continente",cereais,"310 g",285,1.5,54,5.8,
5601312178897,"tostas trigo muito baixo teor de sal","Continente",cereais,"750 g",397,11,70,7,
5601312184508,"5 Cereais","Continente",cereais,"400 g",262,9.4,41.9,5.3,
8412600022887,"Pão de forma Bimbo","Bimbo",cereais,"770 g (26 fatias)",225,9.4,49,1.9,
5601312179344,"Croutons Azeite, Alho e Salsa","Continente",cereais,"75 g",471.2,13,67,16,
2646336100076,"Integral","Museu do Pão",cereais,"450 g",243.6,8.4,45.6,1.6,
5601312184096,"Pao de cereais","Continente",cereais,"",210.7,10,33.9,2.5,
5601312183624,"Pão especial com farinha de Espelta e grãos de Quinoa","Continente",cereais,"400 g",241,9.9,45.2,1.4,
5601312175735,"Farinha Especial Alfarroba","Continente",cereais,"400 g",254,9.3,39,5,
5601066300087,"Cotovelinhos Chifferini","Nacional",cereais,"500 g",355,12,71,1.8,
5601312040941,"Esparguete à bolonhesa","Continente",cereais,"160 g",380,14,64,6.6,
5601312512370,"Tagliatelle Carbonara","Continente",cereais,"300 g",200,5.9,15.6,12.2,
5601312065852,"Noodles sabor a frango","Continente",cereais,"70 g",83,1.6,11,3.6,
5601312000327,"Pontinha","Continente",cereais,"250 g",355,12,71,1.8,
5601312154075,"Massa Filo","Continente",cereais,"120 g",330,9.8,60,5.1,
5601312072171,"Spaghetti","Sem marca",cereais,"",355,12,71,1.8,
5601312180531,"Noodles com Vegetais e Frango","Fácil & Bom",cereais,"300 g",128,7.5,9,6.3,
5601312077176,"Nouille saveur viande","Continente",cereais,"",84,1.6,11,3.6,
5601312512387,"Esparguete à Bolonhesa","Continente",cereais,"300 g",168,8,16.4,7.5,
5601312107064,"Cotovelinhos","Continente",cereais,"500g",349,12,70,1.5,
7613037040869,"Zero Espelta e aveia","Nestlé",cereais,"250 g",370,10.6,71.5,2.5,
5604321029983,"a Granola + deliciosa de Chocolate e Coco","Cem Porcento",cereais,"350 g",469,9.4,59.7,19.7,
5604321029990,"a Granola + deliciosa de Frutos Vermelhos com cereais integrais","Cem Porcento",fruta,"350 g",438,9,65.7,13.9,
5601312101574,"Estrelinhas Biológicas Manga Abóbora","Continente do Bebé",fruta,"",380,8.7,75.2,3.9,
5604321002030,"Choco Rice","Cem Porcento",cereais,"250 g",395,7.6,82.6,3.2,
5601312073987,"Bolas de Chocolate","Continente",cereais,"375 g",360,8.6,70.9,2.9,
8410199015617,"Muesli Avveia Crocante","Quaker",fruta,"350 g",402,11,65,7.9,
5601312066286,"Flocos de Aveia Fina","Continente",cereais,"400 g",370,12,56,8.4,
5601312074083,"Cereais arroz tufado","Continente",cereais,"375 g",385,7.2,80,3.2,
5601312043300,"Honey Squares","Continente",cereais,"",384,6.7,83,1.9,
5601312041993,"Choco crockers","Continente",cereais,"375 g",441,7.3,67,15,
5601066601832,"+Linha Flocos de Arroz e Trigo Integral","Nacional",cereais,"1 kg",379,9.7,79,2,
5601312068167,"Flocos Chocolate","Continente",cereais,"300 g",387,9.2,81,1.9,
5601312077749,"Fruta & Fibra","Continente",fruta,"500 g",371,9.3,66,5.7,
5601312044444,"Cereal corn flakes avec du miel","Continente",cereais,"375 g",384,6,88,0.5,
5601312067214,"Granola","Continente",gorduras,"500 g",464,7.4,56,20,
5601312067191,"Argolas de Chocolate","Continente",cereais,"375 g",374,9,77,2,
5601312064312,"Cereais Argolas de Mel","Continente",cereais,"",391,6.7,83,2.7,
5601312062950,"Fibra flakes","Continente",cereais,"",360,13,66,2,
5601557058091,"Tortitas de Arroz bio sem sal","Salutem",cereais,"22 tortitas | 130g",376,8.1,78,2.6,
5604321029143,"Farinha Aveia Integral","Cem Porcento",cereais,"400 g",367,11.9,59,7.2,
8410376056914,"arroz rice","Gullón",cereais,"127 ge",374,7.3,81,1.4,
5604321026395,"Seitan","Cem Porcento",carnes,"",143,23.8,4.5,2.9,
5601312072218,"Arroz Agulha","Casarão",gorduras,"1 kg",349,7.9,76,1.3,
5053990182596,"Thai Style Green Curry","Pringles",cereais,"165 g",527,6.3,56,30,
5601260046101,"Arroz Carolino","Saludães",gorduras,"",352,5.7,80,0.9,
5601312073505,"Milho Doce","Continente",fruta,"3 x 140 g (3 x 150 g)",82,2.5,14,1.4,
5601312063605,"Arroz Risotto","Continente",gorduras,"1 kg",359,8.8,78,1.1,
5601312881575,"Sementes de Quinoa","Continente",gorduras,"200 g",350,14,57,5.6,
5053990182480,"black truffle & butter flavour","Pringles",cereais,"165 g",522,6.1,55,30,
5601312079866,"Onduladas","Continente",cereais,"240 g",547,6.1,52,34,
5601312067894,"Bolacha Arroz com Sal","Continente",cereais,"130 g",388,9.4,79,3,
5601312070498,"Bolacha de Milho","Continente",cereais,"",476,6,64,21,
5601312067887,"Bolacha Milho com Sal","Continente",cereais,"",378,7.2,84,0.9,
5601312063179,"Sementes de Linhaça","Continente",gorduras,"250 g",516,21.8,3.6,40,
5602537010047,"Batata frita","Ti-ti",cereais,"180 g",556,5,50.8,36.8,
5601312066026,"Arroz de cenoura","Continente",gorduras,"125 gr",232,3.6,43,4.5,
5601312066309,"Farelo de Aveia","Continente",cereais,"",362,12.5,60.3,6,
5601255700018,"Crackies de Arroz Biológico Integral sem Sal","Caçarola",cereais,"130 g",382,8.8,81.9,1.9,
5608705011090,"Broas de Mel","Da Nossa Pastelaria",cereais,"",428,4.2,70,14.2,
5601312105442,"Arroz Basmati","Continente",cereais,"250 g (2 x 125 g)",163,3.8,33.2,1.4,
5601312069713,"Puré de Batata","Continente",cereais,"200 g (2 x 100 g)",59,1.3,11,0.8,
5601312100935,"Farinha Aveia Maçã Abóbora Cenoura","Continente",cereais,"250 g",389,16,61.8,6.7,
5601312078487,"Milho com Sal","Continente",gorduras,"250 g",448,5.6,76,13.2,
5601312076339,"Arroz Longo","Continente",gorduras,"",352,7.7,78,0.8,
5605345050823,"Broas da avó","Continente",cereais,"",314,3.1,70,1.9,
5605282000196,"Coscorões de Mel","Da Nossa Pastelaria",cereais,"280 g",460,6.3,65,20,
5602519000998,"Línguas de Veado","Da Nossa Pastelaria",cereais,"250 g",497,5.7,64,23.9,
5601312100898,"Farinha Multifrutos 1ª Papa","Continente",cereais,"250 g",386,14,74.3,3.4,
5601312006244,"Feijão Branco","Continente",fruta,"",87,5.7,11.9,0.5,
5601312079682,"Ervilhas cozidas","Continente",vegetais,"850g",70,5.9,7,0.8,
5601312882671,"Miolo de Amendoim","Continente",gorduras,"200 g",612,25,9.9,50,
5601312217442,"Tremoço Extra","Continente",vegetais,"800 g",84,12,0.6,0.6,
5601312217695,"Tremoço Extra","Continente",vegetais,"",84,12,0.6,0.6,
3083681105605,"Guisantes - Ervilhas","Bonduelle",gorduras,"140 g",67,5.3,6.6,0.8,
8410375112284,"Lentejas Cocidas","Bonduelle",gorduras,"200 g",91,6.9,12.8,0.5,
5601312882725,"Miolo de Amendoim com Mel e Sal","Continente",gorduras,"200 g",618,22,19,50,
5601312102298,"Grão-de-Bico","Continente",gorduras,"260 g",117,7.6,14.1,2.2,
5601312106210,"Grãos de Soja","Continente",gorduras,"140 g (120 g)",121,11,2,6.4,
5601312072133,"Amendoim com casca","Continente",gorduras,"500 g",606,32,7,48,
5601522116511,"Tremoços","Globo",gorduras,"350 g",104,10.1,5,3.4,
5601312102281,"Grão-de-Bico","Continente",gorduras,"520 g (830 g)",117,7.6,14.1,2.2,
5601312008279,"Grão-de-Bico","Continente",gorduras,"",373,19,59,5.9,
5601312215424,"Temperados Amendoim Caramelizado","Continente",gorduras,"",537,17,43,32,
5601312100164,"Amendoim Mel e Sal","Continente",gorduras,"200 g",580,23,22.5,43,
5601312133940,"Espinafres em Folha","Continente",fruta,"",27.5,2,2,0.6,
5601312048381,"Tomate Pelado","Continente",fruta,"480 g (780 g)",25,0.8,3.7,0.5,
5601312133926,"Cenoura Baby","Continente",fruta,"750 g",28,0.6,4.4,0.4,
5601312507383,"Frutos Silvestres","Continente",fruta,"650 g",49,1.3,7.1,0.8,
5601312215585,"Tâmara","Continente",fruta,"250 g",256,2.1,58,0.2,
5601312507857,"Gelado Morango Equilíbrio","Continente",laticinios,"",115,3.4,19,4.9,
5601312507178,"Mistura de Cogumelos","Continente",fruta,"400 g",16,1.8,0.5,0.3,
5601312509950,"Almôndegas Powered by Plants","Continente",carnes,"360 g",212,21,6.9,10.2,
8410320034319,"Pizza y salsa barbacoa","Campofrío",cereais,"410 g",278,10,37,10,
5601312514794,"Lemon Freezy Sabor lima-limão","Continente",laticinios,"",59,1,4,2,
5601312508267,"Glace","Continente",laticinios,"",285,3,38.5,12.8,
5601312508328,"Baunilha","Continente",laticinios,"500 g",213,2.6,24.6,11.5,
5601312510277,"Stracciatella","Continente",laticinios,"504 g / 950 ml",223,2.8,33,8.7,
5601312509653,"Pizza Romana","Continente",cereais,"350 g",226,11,22,10,
5601312145257,"Doce de leite","Continente",laticinios,"509 g (900 ml)",216,2.9,34,7.6,
5601312504504,"Pizza Crostata Hawai","Continente",cereais,"350 g",243,8.4,25,12,
5601312504061,"Morango e Merengue","Continente",laticinios,"480 g",199,2,31,7.4,
5601312510079,"Riced Veggies com Alga Wakame","Continente",fruta,"",19,1.7,1.1,0.5,
5601312506829,"Batatas Noisettes","Continente",cereais,"1 kg",147,2.2,21,5.5,
5601312510185,"Amendoim","Continente",laticinios,"",262,5.6,22.5,16.2,
5601312145479,"Jardineira","Continente",fruta,"",68,2.8,13,0.2,
5601312514695,"Puré de Beterraba","Continente",snacks,"",78,1.5,7.7,3.6,
5601312512028,"Chocolate Negro","Continente",laticinios,"540 g",203.7,4.4,20.9,10.7,
5601312506614,"Folhado de Salmão e Espinafres","Continente",carnes,"300 g (2 x 150 g)",251,9.6,19,15,
5601312501107,"Croquetes de Carne","Continente",carnes,"340 g",291,11,18,19,
5601312093107,"Maçã, kiwi e goiaba","Autêntico",laticinios,"750 ml",40,0,9.4,0,
5601312092391,"Frutos Vermelhos","Autêntico",laticinios,"75 cl",50,0.5,12,0,
5600286004249,"Sumo Natural Maçã de Alcobaça • IGP","Frutta Nature",laticinios,"1,5 l",56,0.1,13,0.5,
5601312090533,"Jus d'orange (100%) sans pulpe","Continente",laticinios,"",44,0.6,10,0.1,
5601312093145,"Maçã, laranja e cenoura","Autêntico",laticinios,"750 ml",39,0.3,8.7,0,
5601312092414,"Tropical e kale","Autêntico",laticinios,"75 cl",48,0.3,11.4,0,
5601312093299,"Ananás, banana e coco","Autêntico",laticinios,"750 ml",58,0.6,12.4,0.6,
5601312092360,"Laranja com polpa","Autêntico",laticinios,"",35,0.6,8.1,0,
5601312093046,"Laranja com polpa","Autêntico",laticinios,"2 l",35,0.6,8.1,0,
5601312884019,"100% sumo 80% Maçã 20% Morango","Continente",laticinios,"750 ml",40,0.5,9.8,0.5,
5601312093794,"Néctar Ananás, Lima e Gengibre","Continente",laticinios,"1 l",45,0.2,9.8,0.5,
5601312094050,"Maçã e uva com flor de sabugueiro","Autêntico",laticinios,"750 ml",51,0,12,0,
5601312094500,"Goiaba, manga e maracujá","Autêntico",laticinios,"75 cl",41,0,9.6,0,
5601151131466,"Néctar de cereja e maçã","Compal",laticinios,"1 L",51,0.3,12.3,0,
5601312093510,"Paraguaio e pitaia","Autêntico",laticinios,"",49,0.5,11.3,0.1,
5601312093329,"Ananás, uva e maracujá","Autêntico",laticinios,"750 ml",51,0.4,11.9,0.1,
5601312877790,"Pedaços de Caju","Zero Desperdício",gorduras,"200 g",578,23,12,46,
5601312879770,"Caju de Moçambique Torrado","Os Originais",gorduras,"200 g",619,23,18.2,48.8,
5601312108054,"Amendoim em Pó","Way Up",gorduras,"400 g",400,46,21,11.8,
5601312879800,"Pinhão Nacional","Os Originais",gorduras,"100 g",622,33,5,51.7,
5601312881490,"Miolo de Caju Torrado","Continente",gorduras,"200 g",619,23,18.2,48.8,
5601312877882,"Miolo de Pistáchio Natural","Os Originais",gorduras,"70 g",620,23.6,13,51,
5601312882633,"Miolo de Amêndoa Cru com Pele","Continente",gorduras,"200 g",622,24,8,53,
5601312881858,"Miolo de Caju","Continente",gorduras,"200 g",618,23,18,50,
5601312882626,"Miolo de Amêndoa","Continente",gorduras,"",661,21,4.4,60,
5601312882879,"Miolo de Caju","Continente",gorduras,"200 g",595,18,30,44,
5601312881285,"Miolo de Noz","Continente",gorduras,"50 g",716,15,14,65,
5601312882213,"Mix Frutos Secos","Continente",gorduras,"200 g",494,13,38,30,
5601312215905,"Caju Neutro Cru","Continente",gorduras,"250 g",624,17,30,48,
5601312881971,"Miolo de Amêndoa sem Pele e com Sal","Continente",gorduras,"200 g",661,21,4.4,60,
5601312879794,"Caju de Moçambique com Sal Marinho","Os Originais",gorduras,"200 g",618,23,18,50,
5601312880752,"Mix Sport Pack Poupança","Continente",gorduras,"4 x 50 g",563,14,34.2,39.5,
5601312879398,"Noz Pecan Torrada com Sal","Os Originais",gorduras,"150 g",752,11,4.7,75.1,
5601312879626,"Caju com Mel e Sal","Os Originais",gorduras,"200 g",579,18,29.9,42.1,
5601312881216,"Miolo de Noz","Continente",gorduras,"400 g",680,16.7,10.5,62.3,
5607238032053,"Doce de abobora","Casa de Mateus",gorduras,"345 g",244,0.6,59,0.1,
5601312107897,"Manteiga de Amendoim com Pedaços","Way Up",gorduras,"500 g",624,28,11,50.4,
5601312105176,"Mel de Flores","Abelha Doce",gorduras,"500 g",334,0.5,82.2,0.5,
5601312106432,"Manteiga de Amendoim Cremosa","Way Up",gorduras,"1 kg",623,27.3,11.5,50.3,
5601312183921,"Guacamole","Cozinha Continente",snacks,"200 g",170,1.9,4.3,15.5,
5601312107903,"Manteiga de Amendoim com Pedaços","Way Up",gorduras,"1 kg",624,28,11,50.5,
5601312079248,"Crunchy peanut butter","Continente",gorduras,"",621,26,11.5,50.3,
5602132652079,"Mel de Acácia","Serramel",gorduras,"300 g",328,0,82,0,
5601312074205,"Manteiga de Amendoim cremosa","Continente",gorduras,"",650,27,14,53,
5601312072812,"Creme duplo","Continente",gorduras,"",555,3.9,58,34,
5601312074212,"Manteiga de Amendoim com Pedaços","Continente",gorduras,"340 g",640,27,11,53,
5605466905101,"Pumpkin with walnuts","Prisca",gorduras,"250 g",225,1.6,55,4.7,
5601312072959,"Creme para barrar Cacau e Avelã","Choco Fun",gorduras,"750 g",568,2.7,56,36,
5601312072966,"Creme para Barrar","Continente",gorduras,"750 g",564,2.2,59,35,
5601312883081,"Maçã Verde Desidratada","Continente",gorduras,"20 g",348,2.4,76,0.8,
5601312045441,"Duplo creme para barrar com cacau e avelãs","Continente",gorduras,"",537,3.2,67,28,
5601312063254,"Doce extra pêssego","Continente",gorduras,"",172,0.5,42,0,
5601312074946,"Doce Frutos Tropicais","Continente",gorduras,"250 g",226,0.4,55,0.5,
0001001899946,"Manteiga de Amendoim com pedaços","Continente",gorduras,"340 g",614,25.6,13.8,49,
5601312075141,"Tomate Triturado","Continente",snacks,"500 g",38,1.7,6.2,0.5,
5601312103202,"Molho Bolonhesa","Continente",snacks,"420 g",105,4.5,9.5,5.1,
5601312046806,"Ketchup","Continente",snacks,"450 g",144,1.2,34,0,
5601312044017,"Molho Vinagrete","Continente",snacks,"275 ml",160,0,7,14,
5601312042259,"Mostarda","Continente",snacks,"",69,2.4,14,0.5,
5601312062677,"Molho Soja","Continente",snacks,"170 ml / 200 g",127,5.8,26,0,
5601312061625,"Cocktail","Continente",snacks,"",277,0.7,12,25,
5601312100386,"Chocolate Negro Avelãs Inteiras","Continente",snacks,"100 g",578,9.7,38,41,
5601312046868,"Chocolate Leite Amêndoas","Continente",snacks,"100 g",562,8,54,34,
5601312065050,"Chocolate, Negro, Stevia","Continente",snacks,"100 g",406,6.5,33,37,
5601312107088,"Mini Sticks de Chocolate Negro com Menta","Bem me Quer",snacks,"75 g",514,2.7,62,28.4,
5601312046707,"Chocolate Cereais","Continente",snacks,"100 g",525.2,6.1,59,29,
5601312046684,"Chocolate Negro","Continente",snacks,"100 g",502,6,52,28,
5601312065067,"Chocolate Negro Avelãs","Continente",gorduras,"125 g",435,6,31,39,
5601312062295,"Chocolate de Leite","Continente",snacks,"100 g",534,6.5,55,31,
5601312042570,"Barrinhas Chocolate Leite","Continente",snacks,"200 g",552,8,52.8,34.4,
7622300366827,"Digestive Aveia e Maçã","Triunfo",snacks,"171 g",398.8,7.6,66,17,
5604321035960,"Marinheiras Chia Mini","Marinheiras",snacks,"50 g",430,12,65,12,
7622210475411,"Digestive Go! Canela","Triunfo",snacks,"171 g",493,6.9,67,21,
5601008101901,"Cream Cracker","Vieira",snacks,"180 g (6 x 30 g)",433.3,9.8,70,12,
5601557049211,"Galetes de Milho","Salutem",snacks,"130 g",381,8.1,83.5,0,
5601069008324,"Biscoitos de Cacau","Da Nossa Pastelaria",snacks,"750 g",475,6.1,66,20,
7622210608741,"Digestive Finas Chocolate Preto","Triunfo",snacks,"170 g",502,6.2,62,24,
5601008101345,"Bolacha Maria Sem Açúcar","Vieira",snacks,"25 g",460,8.2,76,8.6,
5604321044689,"Biscoitos Integrais Coco & Espelta","Cem Porcento",snacks,"200 g",495,9.7,62.1,24,
5601312073833,"Marinheiras, Chia, Sementes","Daveiga",snacks,"",430,11,65,13,
5604321027699,"Nutríssimas Snack Canela","Cem Porcento",snacks,"190 g",432,8.4,64.1,13.6,
5601312101406,"Gelatina sabor ananás","Continente",fruta,"31g",10,1.9,0.7,0,
5601312106449,"Bolacha Integral Pack Poupança","Continente",snacks,"300 g (6 x 50 g)",427,9.9,62.3,13.5,
5600744051372,"Mini Bites Mistério","Saborosa",snacks,"150 g",434,5.9,67.5,15.6,
5601312074397,"Mini Croissants Cacau","Continente",snacks,"315 g",443,5.1,48,25,
5601312079330,"Tijolos","Continente",snacks,"300 g",353,2.2,79,3,
5601312043225,"Bolacha Softcake","Continente",snacks,"",387,3,69,10,
5602519000967,"Palmiers","Da Nossa Pastelaria",snacks,"250 g",526,6.3,56.7,30,
5600954502862,"Bolachas Maria Sem Lactose","Continente",snacks,"240 g",462,1.5,77.2,15.5,
5601312105770,"Bolachas com Cereais e Pepitas de Chocolate Animais","Continente",snacks,"300 g (6 x 50 g)",459,5.9,70.5,16.1,
5601312078944,"5 Waffles","Belgofre",snacks,"275 g (5 x 55 g)",453,6.3,54,23,
5601312075554,"Lanchinhos com pepitas de chocolate","Continente",snacks,"",389,7.3,58,14,
5601312076124,"Amêndoas Tipo Francês","Bem me Quer",gorduras,"150 g",450,4.2,82.2,10.9,
5601312108245,"Snack Proteico Salgado Tomate e Orégãos","WAY UP",snacks,"20 g",397,45,31.8,9.4,
5600257669170,"Bolo de Mármore","Da nossa Pastelaria",snacks,"500 g",382,5.2,51,17,
7622210194923,"Original Breakfast Chocolate","Belvita",cereais,"300 g",433,7.7,65,14,
5601008101079,"Bolacha Maria Sem Açúcar","Vieira",snacks,"300 g (12 × 25 g)",460,7.5,72.1,15.3,
5601312074038,"Cookies Classic","Continente",snacks,"225 g",502,6.7,61,25,
5601312101079,"Multicereale","Continente",snacks,"",447,6.9,70.6,13.9,
5601312077930,"Nachos de Milho com Sal","Continente",snacks,"150 g",508,6.7,64,24,
5601312079859,"Clássica","Continente",snacks,"",540,6.9,49,34,
5601312077800,"Roscas de Chocolate","Continente",snacks,"300 g",544,7,51,34,
5601312101369,"Bolachas Digestive Continente Equilíbrio","Continente",snacks,"24 165g",440,10.9,61.8,14.9,
5601312073338,"Cereal bars with Fruits and Chocolate","Continente",fruta,"",390,5.9,68,8.7,
5601312101413,"Nachos de Milho sabor a Queijo","Continente",snacks,"150 g",492,6.5,60.4,23.9,
5601312064282,"Pipocas","Continente",snacks,"",484,6,66,20,
5601312045229,"Barre de céréales","Continente",snacks,"126 g",375,5.4,74,5.4,
5601312072843,"Chocolate","Continente",cereais,"300 g",462,8,65,18,
5601312181491,"Palmiers","Continente",snacks,"720 g",527,6.3,57,30,
5601312077817,"bolachas recheadas chocolate","Continente",snacks,"154g",471.8,5.1,68,19,
5601312101277,"Bolacha coberta com Chocolate de Leite","Continente",snacks,"150 g",491,5.8,66,22,
5601312101499,"Bolachas com recheio de sabor a Chocolate","Continente",snacks,"440 g",482,6.3,68.8,19.6,
5601312100706,"Creams","Continente",snacks,"440 g (10 x 44 g)",491,5,67,22,
5601312079590,"Crunchy Crackers","Continente",snacks,"150 g",463,19,45,21,
5601312072836,"Chocolate Chips and Honey","Continente",snacks,"300 g",456,8,65,17,
7622210353184,"Trident - 60 minutes of freshness - Peppermint flavour","Trident",snacks,"80g",181,0.1,71.5,0.5,kcal incoerente com os macros
5601312048602,"Argolinhas","Continente",snacks,"150 g",510,6,61,26,
5601312075905,"Barritas Sésamo e Quinoa","Continente",snacks,"150",553,14,41,36,
5601312044369,"Pastilhas Elásticas","Continente",snacks,"22 g",161,0,67,0,kcal incoerente com os macros
5601312064237,"Cereais e Leite, Bolachas ricas em cereais","Continente",snacks,"300 g",450,8.5,66,16,
5600341930193,"Biscoitos Espelta & Azeite","Seara",snacks,"220g",454,6.7,66.2,17.4,
5601312100645,"Bolachas Nutchoc Chocolate e Avelã","Continente",snacks,"",491,6.9,67,21.3,
5601312074335,"Torta de cacau","Continente",snacks,"300 g",393,4.5,61,14,
5601950001151,"batata frita palha","A Saloinha",snacks,"200 g",582,6.2,45.2,38.5,
5601312067160,"Langues de chat","Continente",snacks,"200 g",434,6,79,10,
5607202000019,"Folar de Olhão","Sem marca",snacks,"670 g",432,3.5,55.9,21.5,
5601312181484,"Palmiers","Continente",snacks,"200 g",527,6.3,57,30,
5601312062387,"Bolacha Coberta com Chocolate de Leite","Continente",snacks,"150 g",497,6.5,39,23,
5604321035212,"Snack Natura Sésamo","Cem Porcento",snacks,"200 g",478,13,52,22,
5601312044673,"Sortido de Biscoitos","Continente",snacks,"500 g",524,6.4,60,28,
5601312064855,"Rodelas receita caseira","Continente",snacks,"400 g",530,6.2,52,32,
5601312219170,"Temperados","Continente",snacks,"",504,17,44,27,
5601312046486,"Amendoins cobertos de chocolate","Continente",snacks,"250 g",511,10,58,25,
5601312078951,"5 Waffles com Cobertura de Cacau","Belgofre",cereais,"300 g (5 x 60 g)",468,6,53,25,
5601312076094,"Ovinhos Maciços Chocolate de Leite","Bem me Quer",snacks,"",549,6,58,32,
5601312079316,"Marshmallows","Continente",snacks,"300 g",341,4.2,81,0,
5601312102984,"Bombons Chocolate de Leite Recheados","Bem me Quer",snacks,"",576,5.5,52,38,
5601312060208,"Biscoitos de Canela","Continente",snacks,"750 g",471,6,70,18,
5601312066880,"Palets bretons","Continente",snacks,"125 g",505,6,63,25,
5601312047308,"Bolachas Mini Cookies","Continente",snacks,"",502,6.7,61,25,
5601312074809,"Chips de patate douce","Continente",cereais,"",496,5.1,60,25,
5601312178705,"Salame de Chocolate com Amêndoas","Da Nossa Pastelaria",snacks,"450 g",457,7.1,48,25.4,
8410076910240,"Bizcocho sabor a Caramelo Salado","Fibre One",snacks,"24 g",363,4.2,49.2,11.8,
5602519184476,"Biscoitos Requintados","Confeitaria",snacks,"0,250 kg",470,5,67,20,
5601312146193,"Strudel de Maçã","Continente",snacks,"",245,3.2,28,13,
5601312181736,"Churritos","Continente",snacks,"",503,4.6,65,25,
5601312100324,"Madalenas Recheadas","Continente",snacks,"336 g",440,4,53.4,23,
5601312302025,"Tapas, Salpicão e Paio com Tempero Alentejano","Continente",snacks,"150 g",253,22,1.7,17,
5601069008256,"Mini Bolachas Chai & Gengibre","Dan Cake",snacks,"160 g (4 x 40 g)",413,7.6,55,16,
5601312076063,"Bolacha Wafers Baunilha","Continente",snacks,"200 g",518,5,65,26,
5601312100010,"Sortido Brilho","Continente",snacks,"500 g",329,5.6,76,0,
5601312101482,"Bolachas Creams","Continente",snacks,"5 x 220 g",491,5,67,22,
5601312072287,"Sortido de Amêndoas Chocolate","Bem me Quer",gorduras,"235 g",519,7.4,53,30,
5601312878575,"Tiras de Casca de Laranja","Continente",fruta,"200 g",313,0.5,76,0.5,
5601312063292,"Biscoitos Lagartos","Continente",snacks,"750 g",453,6,66,18,
5601312043263,"Biscoitos matinais Muesli","Continente",snacks,"400 g",452,7,68,16,
5601312049937,"Frutos Vermelhos","Continente",fruta,"138 g",391,4.8,84,3.5,
5601312060215,"Biscoitos de cacau","Continente",snacks,"",475,6.1,66,20,
5601312062967,"Madalenas Clássicas","Continente",snacks,"600 g (14 unidades)",409,4,57,18,
5601312066644,"Nachos sal","Continente",snacks,"",519,5.6,65,25,
5601312068822,"Brownie au Chocolat","Continente",snacks,"",468,7.6,50,26,
5601312070603,"Barritas aveila e mel","Continente",snacks,"",446,9.3,67,14,
5601312177579,"Bolachas de Sementes","Continente",snacks,"200 g",530,16,45,31,
5601312179498,"Massa para Croissant","Fácil & Bom",snacks,"",322,6.7,44,13,
5601312178101,"Lagartos","Continente",snacks,"750 g",459,4.6,67,19,
5601312181668,"Lagartos","Continente",snacks,"225 g",459,4.6,67,19,
5601312215363,"Temperados Amêndoa Caramelizada","Continente",gorduras,"",518,12,55,27,
7622300441012,"Mattinais Fibra & Cereais","Proalimentar",snacks,"100 g",453.4,8.2,67,16,
5601312071518,"Ovos Estrelados","Continente",snacks,"",331,4.9,77,0.2,
5601312075547,"Biscoitos Coloridos","Continente",snacks,"150 (6 x 25 g)",482,6,63,23,
5601312071549,"Sortido","Continente",snacks,"",329,4.3,78,0.2,
5601312180708,"Bolo de Chocolate","Continente",snacks,"",414,4.9,49,21,
5601312076056,"Bolacha Wafers Chocolate","Continente",snacks,"200 g",512,6,62,26,
5601312071556,"Sortido Ácido","Continente",snacks,"",334,5.4,78,0,
5601312004097,"Palmiers","Continente",snacks,"4 x 50 g",519,6.5,60,27.7,
5601312069164,"Biscoito Árvore de Natal com Creme de Cacau, Chocolate de Leite, Chocolate Branco e com Pepitas Coloridas","Bem me Quer",snacks,"200 g",505,6.8,59,26,
5601312183020,"Alfarroba, Limão e Coco","Continente",snacks,"200 g",470,9,62,19,
5601312183150,"Biscoitos de Canela","Continente",snacks,"",385,5.5,59.2,13.6,
5601312504511,"Cheesecake morango","Continente",laticinios,"180 g",276,3.1,29,16,
5601312075943,"Bolachas Gumball","Continente",snacks,"",447,7.9,74,13,
5601312047193,"Palitos Crocantes","Continente",snacks,"150 g",523,6.5,63,27,
5601312183273,"Palmiers","Continente",snacks,"720 g",527,6.3,57,30,
5601312079057,"Choco Wafer","Continente",snacks,"",536,5.1,74,24,
5601312183815,"Bolo de Mármore","Da Nossa Pastelaria",snacks,"500 g",373,5.5,51,16,
5601312072270,"Amêndoas Tipo Milão","Bem me Quer",gorduras,"150 g",512,8.1,66.1,22.9,
5601312104025,"Bolas Energéticas Amendoim e Banana","Way Up",snacks,"34 g",387,11,51,14,
5601312182764,"Lagartos","Continente",snacks,"",459,4.6,67,19,
5601312181675,"Lagartos","Continente",snacks,"750 g",454,6,66,18,
5601312064817,"Rodelas Fritas em Azeite","Continente",snacks,"",532,6.5,52,32,
2643718002799,"Coco-a-licious Cocoa Hazelnut","Dunkin'",gorduras,"",430,6.4,43,25,
5601312159483,"Pastéis de Feijão","Rolo",snacks,"350 g",382,4.4,73,7.5,
5601312078111,"Pipocas doces Canela","Continente",snacks,"150g",501,5,61,25,
5601312078609,"Multifrutos","C",fruta,"90 g",74.4,0.6,15,0.2,
4002971303506,"High Protein Caramel Pudding***","Ehrmann",laticinios,"200 gram",57.8,10,5.5,1.5,
5601312108061,"Puré de Fruta Whey Sabor a Banana e Morango","WAY UP",fruta,"120 g",32.5,8.9,11.5,0.4,kcal incoerente com os macros
5601312513636,"+ Proteína Mousse Sabor Baunilha","Continente",laticinios,"150 g",74,9.7,5.2,1.6,
5601312077879,"Puré de Fruta Maçã","Continente",fruta,"400 g (4 x 100 g)",49,1.3,12,0.1,
5601312077862,"Puré de Fruta Multifrutos","Continente",fruta,"400 g (4 x 100 g)",49,0.4,11,0.1,
5600954502541,"Mythos Sensação Estilo Grego Stracciatella","Continente",laticinios,"240 g (2 x 120 g)",149,2.3,15,8.9,
5601312506713,"Matilhas de Aroma Baunilha","Continente",laticinios,"500g",114,2.3,20,2.7,
5601312504542,"Natas do Céu","Continente",laticinios,"2 x 90 g",314,3.2,39,16,
5601050034387,"+Proteína Ananás","Danone",laticinios,"145 g",54,8.8,4.3,0.1,
5601050036909,"Coconut","Danone",laticinios,"160 g",58,9.7,3.6,0.4,
5601050037418,"Natur Pêssego e Maracujá","Danone",laticinios,"460 g (4 x 115 g)",53,4.8,8.3,0.1,
5601312146551,"Gelatina com Aroma a Morango","Continente",snacks,"400 g",61,1.3,14,0.5,
5601312077831,"Puré de fruta Banana, Maçã, Laranja & Bolacha","Continente",fruta,"400 g (4 x 100 g)",71,0.7,14,1.1,
5601050037401,"Natur Coco","Danone",laticinios,"460 g (4 x 115 g)",58,4.8,8.5,0.5,
5601312141907,"Bifidus","Continente",laticinios,"",127,4.8,20,3.3,
5601312079729,"Puré de fruta, Pera, Banana & Tangerina","Continente",fruta,"400 g (4 x 100 g)",64,0.7,13,0.7,
5601312077824,"Pera Puré de Fruta","Continente",fruta,"400 g (4 x 100 g)",53,0.3,12,0.1,
5601312511458,"+ Proteína Aroma Baunilha","Continente",laticinios,"400 g (4 x 100 g)",54,9,3.9,0.3,
5601312510017,"Gelatina com aroma a Morango","Continente",snacks,"600 g (6 x 100 g)",61,1.3,14,0.5,
5601312071129,"Puré de Fruta Maçã e Banana","Continente",fruta,"200 g (2 x 100 g)",53,0.4,12,0.1,
5601312079712,"Puré de Fruta 4 Frutas & Aveia","Continente",fruta,"400 g (4 x 100 g)",62,0.8,14,0.5,
5601312077893,"Metades de Pêssego em calda","Continente",fruta,"",65,0.5,14,0.5,
5601050034493,"Infusíon","Activia",laticinios,"155 g",45,2.7,7,0.3,
5601024134136,"Azeite","Oliveira da Serra",gorduras,"750 ml",822,0,0,91,
5601312104322,"Psílio","Supla",snacks,"200 g",219,3.4,10.5,1.5,kcal incoerente com os macros
5601312075974,"Azeite Virgem Extra Superior","Cinco Soldos",gorduras,"750 ml",821,0,0,91.2,
5601312078449,"Azeite","Cinco Soldos",gorduras,"750 ml",821,0,0,91.2,
5601312075950,"Azeite Virgem Casto","Cinco Soldos",gorduras,"750 ml",821,0,0,91.2,
5601312511540,"Bebida de soja zero","Continente",laticinios,"",25,24,1,1.3,kcal incoerente com os macros
5601312103028,"Leite de Coco","Continente",gorduras,"400 ml",170,1.7,2.3,17,
5601312104247,"Matcha","Supla",snacks,"70 g",289,24,25.5,1.8,
5601312881759,"Sementes de Girassol","Continente",gorduras,"200 g",640,23,19,50,
5601312882299,"Mistura Mediterrânea","Continente",fruta,"250 g",497,20,30,31,
7891095300631,"Polvilho Doce","Yoki",snacks,"500 g",330,0,80,0,
5601312134299,"Alho Picado","Continente",snacks,"150 g",100,5.1,18,0.1,
5601312882305,"Ameixa Seca","Continente",fruta,"200 g",201,2.2,43,0.6,
5000116125210,"Veggie Bowl Couscous","iglo",fruta,"350 g",75,4,8.1,2.4,
5601312093800,"Pêssego Paraguayo e Banana","Continente",laticinios,"1 l",43,0.3,9.1,0.5,
5601312879015,"Azeitona Verde Retalhada Piripiri e Erva","Continente",vegetais,"350 g",123,1.3,1.6,11.5,
5601312071266,"Cogumelos laminados","Continente",carnes,"105gr",18,2.4,1,0,
5601312882176,"Sultana Clara","Continente",fruta,"200 g",291,3.3,66.5,0.6,
5601312883098,"Maçã Vermelha Desidratada","Continente",fruta,"20 g",374.5,1,80,2.5,
5601312511595,"Bebida de Soja Sabor a Baunilha","Continente",laticinios,"1 L",50,3.1,4.4,2.1,
5601312509936,"Falafel, Massa Pérola e Legumes","Continente",snacks,"500 g",148.4,4.8,20.4,4.6,
5601312069966,"Lait de coco","Continente",gorduras,"",177,0.9,2.5,18,
5601312074069,"Cogumelos laminados","Continente",fruta,"355g",22,2.4,1,0,
5601312881223,"Mix com Frutos do Bosque","Continente",fruta,"400 g",585,17,35,40,
5601312509967,"Hambúrguer Powered by Plants","Continente",carnes,"160 g (2 x 80 g)",226,13,9,15.1,
5601312064336,"Olives vertes","Continente",vegetais,"",156,0.9,0,16,
5601312068853,"Bebida à Base de Amêndoa","Continente",gorduras,"1 l",24,0.3,3,1.1,
5601312156741,"Sopa Feijão Verde","Continente",fruta,"400 g",26,0.6,3.5,0.8,
5601312063919,"Descafeinado café solúvel","Continente",snacks,"",1,0.2,0.3,0,
5601312078470,"Salada Fruta em calda","Continente",fruta,"840 g",74,0.3,17,0.3,
5601312179924,"Sopa de Grão com Espinafres com legumes frescos","Continente",fruta,"400 g",45,1.8,6,1.2,
5601312185161,"Sops de cenoura","Sem marca",fruta,"",27,0.6,3.5,1,
5601151971444,"Lima","Pepsi",snacks,"1 l",0.7,0.1,0.1,0,
5603722523663,"Leite Proteína Baunilha","Mimosa",laticinios,"1 L",59,10,4.4,0.2,
5603089007462,"Active Drink Laranja Cenoura","Santal",laticinios,"1,5 l",10,0.1,2.4,0,
5601163003614,"Limão","Luso",snacks,"2 l",22,0,5.5,0,
8711327488052,"Ice Tea Zero Açúcar Limão","Lipton",snacks,"1 l",0.5,0.5,0.5,0.5,
5601312092407,"Limonada com hortelã","Autêntico",laticinios,"750 ml",42,0.1,10.5,0,
5601312093244,"Néctar Maracujá, Maçã e Manga Clássico","Continente",laticinios,"1,5 l",54,0.3,13,0.1,
5601312092537,"Iced tea Limão","Continente",snacks,"",2,0,0.2,0,
5601312092797,"refrigerante de sumo de laranja","Continente",snacks,"1,5 l",4,0,1,0,
5601312026266,"Agua Continente 33cl","Continente",snacks,"330 ml",0,0,0,0,
5601312107132,"Super Smoothie Immunity Boost","Continente",snacks,"250 ml",51,0.5,11.8,0.5,
5601312028208,"Cola","Continente",snacks,"2 l",31,0,7.6,0,
5601312094456,"Original","Guapa",snacks,"",49,0.5,11.5,0.5,
5601312090564,"Néctar Manga","Continente",laticinios,"1L",53.9,0.2,13,0.1,
5601312142898,"Leite com Chocolate","Continente",laticinios,"200 ml",72,3.4,12,1.1,
5601312028437,"Sumol","Continente",snacks,"",23,0.5,5.5,0.5,
5601312091691,"Nectar maracuja, maca e manga","Continente",laticinios,"1 L",54,0.3,13,0.1,
5601312025016,"Iced tea limão","Continente",snacks,"",21,0,5,0,
5601312090595,"Equilíbrio","Continente",laticinios,"",24,0.2,5.2,0.1,
5601312090496,"Néctar Laranja e Cenoura","Continente",laticinios,"1 l",29,0.3,6.2,0.1,
5601312063810,"Solúvel Mistura de Cereais com Café e Chicória","Continente",laticinios,"200 g",338,10,68,0,
5601312092063,"Néctar, Água de Coco, Uva, Maçã e Lima","Continente",laticinios,"1 l",23,0.1,5.3,0.1,
5601312092520,"Iced Tea Pêssego","Continente",snacks,"",2,0,0.3,0,
5601312026365,"Iced Tea Manga","Continente",snacks,"1,5 l",2,0,0.2,0,
5601312090489,"0% Açúcar, bebida energética","+Power",snacks,"250 ml",2,0,0,0,
5601312091516,"Laranja do Algarve Néctar","Continente",laticinios,"1 l",45,0.4,11,0,
5601312026372,"Iced Tea Pêssego","Continente",snacks,"1,5 l",2,0,0.3,0,
5601312028338,"Limão sem gás","Continente",snacks,"1,5 l",29,0,7,0,
5601151973370,"Frutos Vermelhos","B!",snacks,"1 l",16,0,3.9,0,
5601312028345,"Água Tónica","Continente",snacks,"1,5 l",33,0,7.9,0,
5601312093268,"Iced Tea Limão","Continente",snacks,"33 cl",21,0,4.9,0,
5601312024033,"Néctar Pêssego","Continente",laticinios,"1,5 l",22,0.2,5,0,
5601312090250,"Nectar pessego classico","Continente",laticinios,"",46,0.2,11,0.1,
5601312090540,"Néctar Alperce Clássico","Continente",laticinios,"1 l",40,0.1,9.9,0.1,
5601312026150,"Equilibrio","Continente",laticinios,"",62,0.3,15,0.1,
5601312025085,"Gasosa","Continente",snacks,"2 l",0,0,0,0,
5601312090656,"Água Tónica","Continente",snacks,"20 cl",33,0,7.9,0,
5601312092599,"Concentrado Laranja","Continente",laticinios,"75 cl",152,0.2,31,0.1,
5601312093435,"Gaseificada Sabor a Cardamomo e Limão","Continente",snacks,"25 cl",6,0.5,0.5,0.1,
5607047001653,"Sem Lactose Meio Gordo","Pingo Doce",laticinios,"200 ml",49,3.4,5.3,1.6,
5607047007310,"Sem Lactose Achocolatado","Pingo Doce",laticinios,"200 ml",64,3.7,8.4,1.6,
5601009937103,"Leite UHT Meio Gordo","Pingo Doce",laticinios,"200 ml",49,3.4,5.3,1.6,
5607047019801,"Leite Seleção Magro","Pingo Doce",laticinios,"1 l",37,3.4,5.4,0.2,
5601009994861,"Sem Lactose Magro","Pingo Doce",laticinios,"1 l",37,3.4,5.4,0.2,
5601009994090,"Sem Lactose Meio Gordo","Pingo Doce",laticinios,"1 l",49,3.4,5.3,1.6,
5601009992621,"Leite Meio Gordo, 0% lactose","Pingo Doce",laticinios,"1 l",46,3.1,4.6,1.7,
5601009993321,"Leve Seleccionado Magro","Pingo Doce",laticinios,"1 l",14.8,1.4,2.2,0.1,
5603722520839,"leite português magro","Gresso",laticinios,"1 l",34.8,3.5,5.2,0.1,
5607047019818,"Leite Seleção Meio Gordo","Pingo Doce",laticinios,"1 l",49,3.4,5.3,1.6,
5601009981366,"Leite Meio Gordo sem Lactose","Pingo Doce",laticinios,"1 l",46,3.2,4.9,1.5,
5607047027363,"Leite Proteina Magro","Go Active Pingo Doce",laticinios,"1 litro",63,10,5.2,0.2,
5601050036541,"Iogurte Grego Natural Super Preço","Oikos",laticinios,"440 g (4 x 110 g)",122,3.2,4.1,10,
5607047008577,"Iogurte Proteico Morango","Go Active Pingo Doce",laticinios,"230 g",72,8,6.4,1.5,
5601050023107,"Natural","Danone",laticinios,"480 g (4 x 120 g)",60,3.3,4.3,3.3,
4000980551314,"Iogurte Natural","Go Bio",laticinios,"150 g",73,5,4.7,3.8,
5607047021262,"go active coco","Go Active",laticinios,"",53,8.9,3.3,0.5,
5603722521225,"Iogurte Líquido Magro Morango","Mimosa",laticinios,"4 x 155 g",32,3.2,3.7,0.2,
5607047008560,"Iogurte Proteico Manga","GO ACTIVE",laticinios,"230 g",32,8,6.6,1.5,kcal incoerente com os macros
5607047021224,"Iogurte magro Proteína","Go Active",laticinios,"",53,8.9,3.3,0.5,
5607047020760,"sobremesa go active cacau nata","Go active",laticinios,"",91,10,6.5,2.5,
5607047011867,"Iogurte Cereais Pedaços","Pingo Doce",laticinios,"125 g",93,4.1,15,1.7,
5601009970506,"Iogurte Natural Açucarado","Pingo Doce",laticinios,"750 g / 695 ml",35.2,1.4,5.3,0.8,
5607047019245,"Sem Lactose Pedaços Pêssego Meio Gordo","Pingo Doce",laticinios,"120 g",67,3.6,9.6,1.5,
5601009977505,"Iogurte Líquido Cremoso Frutos Vermelhos","Sem marca",laticinios,"4 x 170 g",59,2.6,9.1,1.4,
5607047021255,"Iogurte Proteína Magro Coco Sem Lactose","Pingo Doce",laticinios,"680 g (4 x 170 g) / 648 ml (4 x 162 ml)",53,8.9,3.3,0.5,
5601009974337,"Iogurte Morango Banana","Pingo Doce",laticinios,"170 g",78,2.7,13.7,1.4,
5607047011621,"Iogurte Coco Aroma","Pingo Doce",laticinios,"125 g",69,3.5,9.6,1.8,
5607047001288,"Iogurte Natural Líquido Probióticos#","Pingo Doce",laticinios,"680 g (4 x 170 g) / 632 ml (4 x 158 ml)",57,3.2,3.2,3.5,
5607047008805,"estilo Grego caramelo salgado","Pingo Doce",laticinios,"500 g (4 x 125 g)",126,2.6,13,7.1,
5607047004814,"Coco Sem Lactose Meio Gordo","Pingo Doce",laticinios,"170 g",64,2.9,9.1,1.8,
5607047019610,"Sem Lactose Coco Magro","Pingo Doce",laticinios,"120 g",34,3.8,4.6,0.1,
5601009921874,"Iogurte cremoso com Pedaços no Fundo de Amora","Pingo Doce",laticinios,"250 g (2 x 125 g)",107,3.5,17,2.7,
5607047008836,"Estilo Grego Stracciatella","Pingo Doce",laticinios,"",148,2.7,15,8.3,
5607047015605,"magro Aroma Morango & Banana","Pingo Doce",laticinios,"680 g (4 x 170 g) / 660 ml (4 x 165 ml)",29,0.1,3.8,0.1,
5607047015629,"magro Aroma Ananás & Lima","Pingo Doce",laticinios,"",29,3.3,3.8,0.1,
5601009976928,"Iogurte Baunilha","Pingo Doce",laticinios,"680 g (4 x 170 g) / 632 ml (4 x 158 ml)",64,2.6,9.6,1.7,
5607047015582,"magro Aroma Frutos Vermelhos","Pingo Doce",laticinios,"680 g (4 x 170 g) / 660 ml (4 x 165 ml)",29,3.3,3.8,0.1,
5607047003107,"Morango e Cereais Sem Lactose","Pingo Doce",laticinios,"680 g (4 x 170 g) / 652 ml (4 x 163 ml)",39,2.9,5.8,0.1,
5607047014301,"Iogurte Cremoso Morango e Banana","Pingo Doce",laticinios,"750 g",60,2.6,9.2,1.4,
5601009982158,"Chocolocos","Pingo Doce",laticinios,"128 g",104,4,15,3.1,
5607047008515,"Estilo Grego Natural Açucarado","Pingo Doce",laticinios,"",125,3.3,9.2,8.3,
5607047021217,"Iogurte Proteína Magro Baunilha Sem Lactose","Pingo Doce",laticinios,"680 g (4 x 170 g) / 648 ml (4 x 162 ml)",53,8.9,3.3,0.5,
5603722523397,"Iogurte líquido Sem Lactose Magro Frutos Tropicais","Mimosa",laticinios,"",36,3.1,4.8,0.2,
5601009929085,"Simplesmente Natural","Pingo Doce",laticinios,"125 g",50,3.9,5.2,1.5,
5601009982363,"Iogurte Magro Frutos Vermelhos","Pingo Doce",laticinios,"170 g / 163 ml",32,3,4.3,0.1,
5601050036046,"Corpos Danone +Proteína","Danone",laticinios,"245 g",63,7.1,7.7,0.4,
5607047010884,"Iogurte Proteico Banana","Pingo Doce",laticinios,"230 g",73,8,6.7,1.5,
5601009984930,"Iogurte Magro aroma Tropical","Pingo Doce",laticinios,"680 g (4 x 170 g) / 660 ml (4 x 165 ml)",29,3.3,3.8,0.1,
5601009991792,"Iogurte sem Lactose Cereais","Pingo Doce",laticinios,"120 g",95,3.7,16.5,1.5,
5601009989065,"Iogurte Pedaços Magro Mirtilo","Pingo Doce",laticinios,"125 g",51,4,6.7,0.2,
5601009929122,"Simplesmente Aroma Coco","Pingo Doce",laticinios,"125 g",79,3.6,12.7,1.5,
5601009991761,"Iogurte sem Lactose Natural","Pingo Doce",laticinios,"120 g",47,3.8,4.5,1.5,
5601009929030,"Pedaços Magro Cereais","Pingo Doce",laticinios,"125 g",68,4.4,8.3,0.3,
5601009984916,"Iogurte Magro aroma Morango","Pingo Doce",laticinios,"680 g (4 x 170 g) / 660 ml (4 x 165 ml)",29,3.3,3.8,0.1,
5601009928989,"Iogurte Magro Natural","Pingo Doce",laticinios,"125 g",38,4.4,4.8,0.1,
5601009929733,"Pedaços Cereais","Pingo Doce",laticinios,"125 g",100,4,17.7,1.4,
5603722510922,"aroma 6 morango + 6 coco","Mimosa",laticinios,"1500 g (12 x 125 g)",84,3.7,14,1.5,
8435257018034,"Magro","Nestlé",laticinios,"640 g (4 x 160 g)",32,3.2,4.5,0.1,
5601009929726,"Pedaços Ananás","Pingo Doce",laticinios,"125 g",92,3.8,16.2,1.3,
5607047008522,"Iogurte Proteico Magro cremoso Manga e Acerola","Pingo Doce",laticinios,"500 g (4 x 125 g)",63,6.5,8.8,0.1,
5607047011652,"Iogurte Banana Aroma","Pingo Doce",laticinios,"125 g",69,3.5,9.6,1.8,
5607047017319,"Sem Lactose Natural Magro","Pingo Doce",laticinios,"125 g",38,4,5.1,0.2,
5607047017289,"Iogurte sem lactose magro","Pingo Doce",laticinios,"4 x 170 g",30,3,3.6,0.1,
5601009988990,"Iogurte Magro Melancia","Pingo Doce",laticinios,"170 g / 163 ml",33,2.9,4.6,0.1,
5601050023213,"Cremoso Natural Açucarado","Danone",laticinios,"120 g",105,4.9,13.1,3.4,
5603722496516,"fruta batida banana, laranja e bolacha","Mimosa",laticinios,"500 g (4 x 125 g)",87.3,4.3,14,1.5,
5601009928996,"Simplesmente Magro Aroma Morango","Pingo Doce",laticinios,"125 g",40,4,5.7,0.1,
5601009986620,"Iogurte Grego Stracciatella","Pingo Doce",laticinios,"500 g (4 x 125 g)",154,2.8,16.3,8.5,
5601009986743,"Iogurte Magro aroma Limão Laranja","Pingo Doce",laticinios,"170 g / 165 ml",28,3.3,3.3,0.2,
5601009999040,"Manga Iogurte Líquido com Alto teor em Proteína 18 g por Garrafa","Pingo Doce",laticinios,"230 g",73,8,6.6,1.5,
5607047002926,"Iogurte Morango e Cereais Magro","Pingo Doce",laticinios,"680 g (4 x 170 g) / 652 ml (4 x 163 ml)",34,2.9,4.5,0.1,
5601009929009,"Simplesmente Magro Aroma Pêssego","Pingo Doce",laticinios,"125 g",40,4,5.7,0.1,
5601009999033,"Iogurte Líquido com Alto teor em Proteína Morango","Pingo Doce",laticinios,"230 g",72,8,6.4,1.5,
5607047011645,"Iogurte Tropical Aroma","Pingo Doce",laticinios,"125 g",69,3.5,9.6,1.8,
5601009929016,"Pedaços Magro Morango","Pingo Doce",laticinios,"125 g",49,4.1,7.7,0.1,
5601009936984,"Morango","Pingo Doce",laticinios,"720 g (4 x 180 g) / 668 ml (4 x 167 ml)",78,2.9,13.2,1.5,
5601009929047,"Cremoso Natural Açucarado","Pingo Doce",laticinios,"125 g",101,4.4,13.8,3.1,
5601009991785,"Iogurte sem Lactose Pedaços Ananás","Pingo Doce",laticinios,"120 g",88,3.6,15.3,1.3,
5601009987535,"Iogurte Grego Lima Limão","Pingo Doce",laticinios,"500 g (4 x 125 g)",74,6.7,11.1,0.2,
5601009931798,"Cremoso Biscuit","Pingo Doce",laticinios,"125 g",105,4,16.2,2.7,
5607047010921,"Sem Lactose Morango Meio Gordo","Pingo Doce",laticinios,"120 g",66,3.3,10,1.5,
5607047016763,"magro Maracujá & Curcuma","Pingo Doce",laticinios,"680 g (4 x 170 g) / 652 ml (4 x 163 ml)",31,3,4,0.1,
5601009921911,"Iogurte Natural Batido com Açúcar","Pingo Doce",laticinios,"250 g (2 x 125 g)",98,4.2,13,3.2,
5607047012079,"Iogurte Baunilha Cremoso","Pingo Doce",laticinios,"125 g",121,4.9,18,3.5,
5607047016787,"magro Framboesa & Piri-Piri","Pingo Doce",laticinios,"680 g (4 x 170 g) / 652 ml (4 x 163 ml)",29,3,3.4,0.1,
5607047004104,"Iogurte Natural sem Lactose Magro","Pingo Doce",laticinios,"750 g",29,3.2,3.8,0.1,
5601009929054,"Cremoso Baunilha","Pingo Doce",laticinios,"125 g",104,4,15.7,2.7,
5601009962143,"Bifidus Natural","Pingo Doce",laticinios,"125 g",60,3.1,4,3.5,
5607047019351,"Iogurte Cremoso Café","Pingo Doce",laticinios,"680 g (4 x 170 g) / 632 ml (4 x 158 ml)",59,2.6,9,1.4,
5601009922161,"Cremoso Morango","Pingo Doce",laticinios,"125 g",106,4.3,15.6,2.9,
5601009987962,"Iogurte Grego Stracciatella","Pingo Doce",laticinios,"",154,2.8,16.3,8.5,
5601009983186,"Iogurte Tipo Grego Stracciatella","Pingo Doce",laticinios,"240 g",138,2.3,15.1,7.6,
5601050035483,"Iogurte cremoso de morango","Danone",laticinios,"245 g",189,7.1,26.5,5.9,
5607047010914,"Sem Lactose Cereais Meio Gordo","Pingo Doce",laticinios,"120 g",89,3.8,15,1.5,
5601009974290,"Iogurte Morango Banana","Pingo Doce",laticinios,"680 g (4 x 170 g) / 632 ml (4 x 158 ml)",60,2.6,9.2,1.4,
5607047008812,"Estilo Grego Morango","Pingo Doce",laticinios,"500 g (4 x 125 g)",121.6,2.6,13,6.4,
5601009996483,"estilo Grego banana e stracciatella","Pingo Doce",laticinios,"500 g (4 x 125 g)",134,2.8,13,8,
5601009989041,"Iogurte Aroma Tropical","Pingo Doce",laticinios,"125 g",69,3.5,9.6,1.8,
5607047012048,"Iogurte Morango e Nozes Cremoso","Pingo Doce",laticinios,"125 g",100,4,14,3.1,
5601009976683,"Iogurte Pedaços Magro Ananás","Pingo Doce",laticinios,"125 g",50,4.1,7.1,0.1,
5601009929139,"Iogurte Aroma Morango","Pingo Doce",laticinios,"125 g",69,3.5,9.6,1.8,
5607047019344,"Iogurte Cremoso Cookie","Pingo Doce",laticinios,"680 g (4 x 170 g) / 632 ml (4 x 158 ml)",68,2.6,11,1.5,
5601050030396,"stracciadictive","Danone",laticinios,"149 ml",120,1.8,14.7,3.6,
5601050029963,"very strawberry morango","Danone",laticinios,"1,28 kg (8 x 160 g) / 1,2 l (8 x 150 ml)",92,1.8,13.5,3.1,
5603722512698,"Momentos Refrescantes Baobá Cooler","Adagio",laticinios,"175 ml",84,3,14.8,1.4,
8435257002682,"Yoggi Original Morango e Banana","Nestlé",laticinios,"720 g / 668 ml (4 x 180 g / 167 ml)",73,3.1,12.7,1.1,
5601009929146,"Simplesmente Aroma Banana","Pingo Doce",laticinios,"125 g",80,3.4,13.1,1.5,
5601009992034,"Iogurte sem Lactose Maçã Magro","Pingo Doce",laticinios,"170 g / 163 ml",30,2.9,4.7,0.1,
5601009996490,"Iogurte Grego Lima Limão","Pingo Doce",laticinios,"500 g (4 x 125 g)",113,2.6,11.7,6.2,
5601009975792,"Iogurte sem Lactose Natural Açucarado","Pingo Doce",laticinios,"170 g",73,2.8,12.1,1.5,
5601009929696,"Iogurte Pedaços Morango","Pingo Doce",laticinios,"125 g",93,3.7,16.6,1.3,
5601009990320,"Petit Iogurte Tangerina, Cenoura e Mel","Pingo Doce",laticinios,"125 g",77,4,12,1.4,
5601009929719,"Pedaços Frutos Silvestres","Pingo Doce",laticinios,"125 g",95,3.8,16.6,1.3,
5601009989003,"Iogurte Magro Melancia","Pingo Doce",laticinios,"680 g (4 x 170 g) / 652 ml (4 x 163 ml)",33,2.9,4.6,0.1,
5607047025802,"Iogurte cremoso magro","Pingo Doce",laticinios,"",39,3.6,4.9,0.4,
5602384000123,"Queijo Fresco Pasteurizado Magro","Queijos Santiago",laticinios,"80 g",92,12,8.5,1,
5602384000024,"Queijo Fresco Pasteurizado","Santa Clara",laticinios,"100 g",135,11.6,8,6.3,
5601009974733,"Queijo Camembert","Pingo Doce",laticinios,"250 g",272,18.1,0.5,21.8,
5601009974832,"Requeijão de Vaca","Pingo Doce",laticinios,"170 g",106,9.5,6,4.9,
5603722506932,"Queijo Flamengo","Agros",laticinios,"350 g",354,22,0,29,
5601009938810,"Queijo Fresco Magro com leite de Vaca","Pingo Doce",laticinios,"200 g",94,14,4,2.4,
5607047009482,"Queijo de Vaca Curado Ilha","Pingo Doce",laticinios,"400 g",412,26.6,3.2,32.6,
5601009995585,"Queijo Flamengo Fatiado","Pingo Doce",laticinios,"",325,24,0.5,25,
5604661001328,"Requeijão de Ovelha","Lagos",laticinios,"200 g",189,7.7,5.4,15.2,
5601009985944,"Requeijão de Ovelha e Cabra","Pingo Doce",laticinios,"200 g",138,7.8,3.7,10.2,
5601009994212,"Queijo Mozzarella Palitos de Queijo","Pingo Doce",laticinios,"4 x 20 g",300,25,2.7,21,
5607047013212,"Queijo de Azeitão DOP","Pingo Doce",laticinios,"",348,20.4,0.5,29.4,
5607047000410,"Queijo Curado Vaca Barrado com Pimentão","Pingo Doce",laticinios,"~500 g",365,20,0.5,31,
5601009979486,"Queijo Emmental Ralado","Pingo Doce",laticinios,"200 g",361,27,2.5,27,
5607047007594,"Queijo Ibérico Reserva Maturado em Azeite Virgem Extra","Pingo Doce",laticinios,"",429,24,0,37,
2907803003574,"Queijo Flamengo Bola","Pingo Doce",laticinios,"",351,24,18,27.4,
5601009950188,"Queijo Fresco Light#","Pingo Doce",laticinios,"125 g (2 x 62,5 g)",101,11.6,3.3,4.6,
5601009988808,"Queijo Fresco para Barrar","Pingo Doce",laticinios,"200 g",244,4.6,2.9,23.8,
5601009982684,"Queijo Edam","Pingo Doce",laticinios,"150 g",265,28.7,0.5,16.5,
5601009974696,"Queijo de Cabra Curado Chèvre","Pingo Doce",laticinios,"180 g",291,20,1,23,
5601030004157,"Queru Classic","ERU",laticinios,"135 g",328,12,2.6,30,
5601009987597,"Queijo Feta","Pingo Doce",laticinios,"200 g",276,16.5,0.7,23,
5601009950171,"Queijo Fresco Meio Gordo","Pingo Doce",laticinios,"125 g (2 x 62,5 g)",160,10.1,3.9,11.5,
5607047007884,"Proteico Magro","Pingo Doce",laticinios,"400 g",62,11,4,0.2,
5604895011421,"Requeijão pasteurizado meio gordo","Montiqueijo",laticinios,"190 g",140,8.9,5.1,9.4,
5601009980284,"Queijo Fresco Tradicional com leite de Vaca","Pingo Doce",laticinios,"80 g",176,11,3.8,13,
5601009954988,"Queijo Gouda com Ervas Aromáticas","Pingo Doce",laticinios,"150 g",361,25,0,29,
5601009984169,"Queijo para Barrar","Pingo Doce",gorduras,"",161,9.4,3.4,12.2,
5601009982790,"Queijo de Ovelha, Queijo Roquefort","Pingo Doce",laticinios,"100 g",364,19,0.5,32,
5601009980826,"Queijo Manchego D.O.P.","Pingo Doce",laticinios,"",419,24.4,0.5,35.8,
2906401001807,"Queijo Brie Caractere","Queijos do Mundo",laticinios,"Variável, ~0,180 kg",291,19,2,23,
2900742001762,"Queijo Emmental","Queijos do Mundo",laticinios,"Variável, ~0,175 kg",370,28,0,29,
2909878002544,"Queijo Cheddar","Queijos do Mundo",laticinios,"Variável, ~0,250 kg",416,25,0.1,35,
2900905001653,"Queijo Mistura Curado Espanhol","Queijos do Mundo",laticinios,"Variável, ~0,165 kg",373,22,1.6,30.9,
2924524000002,"Queijo Camembert","Queijos do Mundo",laticinios,"Variável, ~0,175 kg",373,18,1,33,
2912545001627,"Queijo Gouda","Queijos do Mundo",laticinios,"Variável, ~0,162 kg",378,24,0,31,
2937437002858,"Queijo Maasdam","Queijos do Mundo",laticinios,"Variável, ~0,285 kg",365,26,0,29,
2907040001807,"Queijo Chevre","Queijos do Mundo",laticinios,"Variável, ~0,180 kg",336,20,1,28,
5607047017432,"Queijo Brie com Trufa","Pingo Doce",laticinios,"135 g",345,18,0.8,30,
5607047008072,"Queijo Feta","Pingo Doce",laticinios,"200 g",276,16.5,0.7,23,
5607047013465,"Queijo de Ovelha Amanteigado","Pingo Doce",laticinios,"",377,17,2,29,
5601009992324,"Queijo da Beira Baixa DOP Picante","Pingo Doce",laticinios,"",360,21,0.5,30.7,
2949989001548,"Queijo Comté","Queijos do Mundo",laticinios,"Variável, ~0,150 kg",430,27,1,35,
2647445000004,"Barra Queijo Flamengo","Pingo Doce",laticinios,"",338,25,1,25.5,
5607047011775,"Cabra","Pingo Doce",laticinios,"200 g (2 x 100 g)",294,18,0.6,24,
5601009997206,"Queijo de Ovelha com Trufa","Pingo Doce",laticinios,"200 g",406,25,2.3,33,
8410500023652,"Protein Drink Raspberry Flavour","DANONE S.A.",laticinios,"300 g / 291 ml",84.3,8.4,5.8,0.5,
5607047010853,"Pudim Proteico Sabor a Caramelo","Go Active",laticinios,"200 g",137.7,10,6.5,1.4,kcal incoerente com os macros
5607047011003,"Estilo Skyr Islandês Morango e Framboesa","GO ACTIVE pingo doce",laticinios,"150 g",46,8,3.3,0.1,
3023290045657,"Kefir natural","LNUF MARQUES",laticinios,"250",65,5.5,3.9,2.9,
5603089000487,"Choco Power, Leite com Chocolate","Parmalat",laticinios,"200 ml",59,3.2,8.2,1.5,
5607047018866,"Pudim de Semolina Proteica Sabor a Chocolate","Pingo Doce",laticinios,"200 g",81,7.5,8.4,1.7,
5607047008027,"Bifidus probióticos# Cereais","Pingo Doce",laticinios,"",71,2.7,12,1.5,
5601009979882,"Leite Condensado Meio-gordo Cozido","Pingo Doce",laticinios,"385 g",290,6.8,49.2,7.3,
5601009930548,"Leite Condensado Magro","Pingo Doce",laticinios,"397 g / 293 ml",279,8.3,60.9,0.2,
5601009999828,"100% Nata","Pingo Doce",laticinios,"200 ml",327,2.2,3.1,35,
5607047007549,"Proteico Magro Cremoso Lima-Limão","Pingo Doce",laticinios,"500 g (4 x 125 g)",73,6.7,11,0.1,
5607047020326,"Iogurte Grego Maracujá","Sem marca",laticinios,"4 x 125 g",126,2.4,14,6.7,
5601009990016,"Iogurte Morango e Framboesa Estilo Skyr Islandês","Pingo Doce",laticinios,"150 g",47,7.6,3.5,0.1,
5607047011010,"Estilo Skyr Islandês Kiwi e Spirulina","Pingo Doce",laticinios,"150 g",47,8,3.1,0.3,
9019100538536,"Kefir Naturalny","Go Bio",laticinios,"500 g",43,3.4,4,1.5,
5601009975860,"Nata para Bater","Pingo Doce",laticinios,"",336,2.2,3.1,35,
5601009987542,"Iogurte Maracujá Estilo Skyr Islandês","Pingo Doce",laticinios,"150 g",53,8.6,3.8,0.2,
5601009986521,"Iogurte Natural Estilo Skyr Islandês","Pingo Doce",laticinios,"150 g",59,10,3.8,0.1,
5607047007013,"Proteico Magro Cremoso Maracujá","Pingo Doce",laticinios,"500 g (4 x 125 g)",67,6.3,9.2,0.4,
5601009979820,"Natas sem Lactose","Pingo Doce",laticinios,"200 ml",336,2.2,3.1,35,
5607047012802,"Bifidus probióticos# Espelta, Sementes e Nozes","Pingo Doce",laticinios,"500 g (4 x 125 g)",61,4.4,7.2,0.9,
5607047015964,"Colagénio# & Antioxidante##","Pingo Doce",laticinios,"300 g (2 x 150 g)",55,8.3,5.1,0.2,
5607047012789,"Bifidus probióticos# Quinoa e Sementes de Girassol","Pingo Doce",laticinios,"500 g (4 x 125 g)",63,4.5,7.6,0.9,
5601009930296,"Nata Light","Pingo Doce",laticinios,"",206,2.5,4.1,20,
5601009950898,"Flan de Ovo","Pingo Doce",laticinios,"400 g (4 x 100 g)",143,4.8,25,2.6,
5900197015212,"FruVita Papaia e Lima","Sem marca",laticinios,"300 g",92,2.1,16,2.2,
5607047011898,"Sobremesa com sabor a Chocolate muito cremosa","Pingo Doce",laticinios,"500 g (4 x 125 g)",129,4.3,25,4.8,
5607047018873,"Pudim de Semolina Proteica Sabor a Caramelo","Pingo Doce",laticinios,"200 g",79,7.5,8.7,1.5,
5607047019238,"Iogurte Cremoso com Pedaços de Kiwi","Pingo Doce",laticinios,"350 g",84,3.3,12,2.5,
5601009999118,"Iogurte Estilo Skyr Islandês Kiwi e Spirulina","Pingo Doce",laticinios,"150 g",48,7.9,3.1,0.3,
2000002630425,"Mousse de Chocolate Un","Pingo Doce",laticinios,"",388,9.6,42.7,19.9,
2000002554950,"Mousse de Chocolate Familiar Un","Pingo Doce",laticinios,"",363,8.3,42.6,17.7,
5607047019221,"Iogurte Cremoso com Pedaços de Banana","Pingo Doce",laticinios,"350 g",84,3.3,12,2.5,
5607047069813,"Estilo Skyr Islandês Maracujá","Pingo Doce",laticinios,"150 g",47,8,3.2,0.2,
5601009994694,"ovos frescos","Pingo Doce",carnes,"6 pcs",130.9,11,0.7,7.1,
5601009920334,"Classe M Ovos Frescos","Pingo Doce",carnes,"6 x ~58 g",141,12.9,1,9.3,
5607047005781,"Bacon Extra em Fatias","Pingo Doce",carnes,"200 g",232,23,1.3,15,
5607047014134,"Preparado Carne Picada Bovino & Suíno","Pingo Doce",carnes,"0,500 kg",210,17,2.9,14,
5601009955954,"Peito de Peru com Ervas, Fatias Finas","Pingo Doce",carnes,"150 g",94,19.7,1.2,1.1,
8410843037712,"Mortadela de Peru com Azeitonas","ElPozo",carnes,"200 g",159,9,6,11,
2634911003331,"Frango Assado","Sem marca",carnes,"",165,18.6,1,9.7,
5601009976201,"Bacon, Tiras de Bacon","Pingo Doce",carnes,"150 g (2 x 75 g)",256,17.5,1.2,20.1,
5600265399359,"Leitão à Bairrada","Matisilva",carnes,"",310,23.6,3.5,22.4,
2979745004704,"Bife de Frango","Pingo Doce",carnes,"",98,23.6,0,0.4,
2925643005428,"Porco Espetadas","Pingo Doce",carnes,"",232,17,0.5,18,
8412604983399,"Atum Posta ao Natural","Costatum",carnes,"77 g",80,19,0.5,0.5,
5600395035141,"Atum Posta ao Natural","Homem do Leme",carnes,"77 g (110 g)",109,24.4,0,1.2,
8412604985270,"Sardinhas em azeite","Dorita",gorduras,"",323,18,0,28,
8412604985430,"Atum Posta ao natural","Dorita",carnes,"77 g",80,19,0.5,0.5,
5607047006252,"Dos Açores Atum Posta em azeite","Pingo Doce",gorduras,"120 g (85 g)",228,27.8,0,13,
5601009952335,"Atum Posta em Óleo de Girassol","Pingo Doce",carnes,"250 g",200,25,0,11,
5000116105052,"2 Tranches Salmão Selvagem do Pacífico","Iglo",carnes,"250 g",108,21,0,2.7,
5600395035158,"Atum Posta em Óleo Vegetal","Homem do Leme",carnes,"71,5 g (110 g)",188,24.3,0,10.1,
5607047000939,"Sardinhas sem Pele e sem Espinhas em Azeite","Pingo Doce",gorduras,"120 g (85 g)",213,24.1,0,13,
5606770006225,"Desfiado de Bacalhau-do-Atlântico Salgado Seco","Sem marca",carnes,"0,400 kg",80,19,0,0.4,
5606770001909,"Rabos de Bacalhau Salgado Seco","Sem marca",carnes,"0,700 kg",80,19,0,0.4,
5607047000908,"Sardinhas em Tomate","Pingo Doce",carnes,"120 g (85 g)",152,22.6,0.5,6.7,
5601009997541,"Salmão Fumado","Pingo Doce",carnes,"100 g",196,22,0.5,12,
8412604987892,"Petingas em tomate","Dorita",carnes,"81 g",234,16,0.5,18,
5606770006263,"Desfiado de Bacalhau-do-Atlântico Salgado Seco","Sem marca",carnes,"1 kg",80,19,0,0.4,
5606770001701,"Postas de Bacalhau Salgado Seco","Sem marca",carnes,"0,600 kg",80,19,0,0.4,
2996354013507,"Caras de Bacalhau (250-500) Salgado Verde","Sem marca",carnes,"1,350 kg",80,19,0,0.4,
2949966019108,"Bacalhau Crescido Salgado Seco","Sem marca",carnes,"Variável, ~2,000 kg",80,19,0,0.4,
5606669245520,"Peixe-Gato-Riscado Filete com Água Adicionada Ultracongelado Peixaria","Sem marca",carnes,"1000 g",46,9.3,0,1,
2995845011619,"Bacalhau Crescido Cortado e Embalado Salgado Seco","Sem marca",carnes,"Variável",80,19,0,0.4,
8410063091044,"Lombos de Bacalhau Salga tradicional Premium","Pescanova",carnes,"550 g",84,18.7,0,1,
8437000486008,"Barlomar mejillones cocidos en su jugo","Barlomar",carnes,"1 kg",83,13,3,2,
5601009996827,"Mexilhão em escabeche","Pingo Doce",carnes,"115 g",196,13,4.5,14,
8436027158349,"Peixaria Camarão 50/70 pc/kg","Sem marca",carnes,"500 g",99,22,0.6,0.9,
8437004577351,"Pedaços de Pota Cozidos Peixaria","Sem marca",carnes,"150 g",85,19.2,0.1,0.9,
8435106271047,"Camarão Cozido 50/70 pc/kg Peixaria","Sem marca",carnes,"500 g",99,23,0,1.8,
2748480085466,"Polvo Limpo (3 a 6 kg)","Sem marca",carnes,"Variável",35,7.9,0.5,0.5,
5606410008893,"Peixaria Potas Congeladas","Sem marca",carnes,"1,000 kg",70,14.6,0,0.8,
2949845006502,"Polvo 500/800g Ultracongelado Peixaria","Sem marca",carnes,"Variável, ~650 g",40,9.2,0.5,0.5,
5603996763031,"Choco Limpo Peixaria","Sem marca",carnes,"800 g",43,8.1,0.5,0.9,
5601009964956,"Miolo de Mexilhão","Pingo Doce",carnes,"250 g",103,16,4.9,2,
5607047017371,"Miolo de Camarão","Pingo Doce",carnes,"",70,16,0,0.6,
5601009955749,"Fuet Extra","Pingo Doce",carnes,"180 g",474,30.9,1.2,38.5,
5607047008539,"Charcutaria","Pingo Doce",carnes,"400 g",230,17,0.5,18,
5601009942381,"Mini Tostas","Pingo Doce",cereais,"350 g",395,12,70.4,6.4,
5601009934478,"Tosta de trigo tipo sueca","Pingo Doce",cereais,"225 g",412,11,67,10,
5601009981069,"Pãezinhos Tostados Azeite, Alho & Salsa","Pingo Doce",cereais,"160 g",476,8.7,59,22,
5607047013984,"Pão de Forma Sementes","Pingo Doce",cereais,"300 g",264,3.6,43.2,7.2,
5607047013977,"Pão de Forma Especial Sem Glúten","Pingo Doce",cereais,"300 g",248,2.8,47.6,3.8,
5601009920020,"Pão para Cachorro","Pingo Doce",cereais,"330 g",281.8,9.6,50.9,4.2,
8412600070987,"10 Cereais e Sementes Centeio • Chia • Quinoa","Bimbo",cereais,"460 g",232,10,30,5.4,
5601009110360,"Tosta de Trigo sem Sal","Pingo Doce",cereais,"225 g",383,12.1,68.8,5.5,
2628756001140,"Pão Padas 75g","Sem marca",cereais,"",268.9,9,53.7,1.3,
2689645000934,"Pão de Mistura Trigo e Centeio 500 g","Sem marca",cereais,"500 g",262,8.7,52,1.2,
2628755001462,"pão da Avó Familiark","Sem marca",cereais,"Variável, ~0,500 kg",268.2,9.1,53.4,1.3,
2646361001072,"Pão Mistura","Sem marca",cereais,"",262,8.7,52,1.2,
2646489000346,"Pão Mistura","Sem marca",cereais,"",262,8.7,52,1.2,
8001665116275,"Queso de Cabra y Cebolla Caramelizada","Rana",cereais,"250 g",249,10,32,8,
5601286260390,"Wok Noodles","Milaneza",cereais,"250 g",369,12,77,0.9,
5601009976959,"Noodles de Camarão","Pingo Doce",vegetais,"85 g",84,1.7,13,2.6,
8001665722605,"Folhas de Massa Fresca para Lasanha","Rana",cereais,"250 g",276,9.9,53,2.2,
5601009999187,"Penne","Pingo Doce",cereais,"",352,12,71,1.4,
5601009999170,"Tagliatelle","Pingo Doce",cereais,"500 g",352,12,71,1.4,
5601009999194,"Farfalle","Pingo Doce",cereais,"500 g",352,12,71,1.4,
5607047006375,"Copo Pasta Bolonhesa","Pingo Doce",cereais,"55g",100,4.2,18,0.9,
5601009999200,"Lasagna","Pingo Doce",cereais,"500 g",352.9,12,71,1.4,
5601009995356,"Esparguete","Pingo Doce",cereais,"1kg",350,11,71,1.7,
5601009986835,"Penne Integral","Pingo Doce",cereais,"500 g",350,15,65,1.8,
5601009981762,"Esparguete","Pingo Doce",cereais,"625 g",350,11,71,1.7,
5601009993819,"Massa de Milho","Pingo Doce",cereais,"500 g",359,4.4,79.6,1.9,
5601066302166,"Esparguete","Nacional",cereais,"500 g",349,12,70,1.5,
5941634004116,"Makaron Z Soczewicy","Go Vege",cereais,"250 g",376,24,65,2,
8001665706896,"Sfogliagrezza Spaghetti","Rana",cereais,"250 g",269,10,50,2.7,
5601009961795,"Arroz Vaporizado","Pingo Doce",gorduras,"1 kg",351,8.2,75,1.2,
5601009952663,"Arroz Thai Jasmine","Pingo Doce",gorduras,"1 kg",353,7.5,78.7,0.8,
5601009961801,"europa arroz agulha","Pingo Doce",gorduras,"1 kg",355,7.2,79,0.7,
5601009960118,"Arroz Integral","Pingo Doce",gorduras,"1 kg",371,7.3,77.4,2.7,
5601009996995,"Arroz Vaporizado","Pingo Doce",gorduras,"1 kg",351,8.2,75,0,
5607047012130,"Arroz Basmati Biologico","Pingo Doce",gorduras,"500 g",361,7.7,79,1,
5601009977826,"Choconuts Splash Cereais Recheados de Chocolate e Avelã","Pingo Doce",cereais,"500 g",434,7.6,64,15,
5607047006368,"Granola Saborosa, Delícia de Caramelo","Pingo Doce",cereais,"500 g",428,8.8,68,12,
5607047016329,"Chocorice Cereais de Arroz Integral e Trigo Integral com Chocolate","Pingo Doce",cereais,"375 g",384,9.5,74,3.7,
5601009995455,"Estrelinhas","Pingo Doce",cereais,"1 kg",383,8,79,2.7,
5601009966868,"Flocos com Mel","Pingo Doce",cereais,"750 g (2 x 375 g)",385,10,82,1.2,
5601009977833,"Cookie Bitz Cereais Mini Cookies com Pepitas de Chocolate","Pingo Doce",cereais,"375 g",375,6,78,2.8,
5607047010068,"Super pequeno almoco","Pingo Doce",cereais,"",412,13,57,12,
5607047005699,"Muesli ao Forno Chocolate & Amêndoas","Pingo Doce",cereais,"400 g",456,15,53,18,
5601009965106,"Crunchy Muesli","Pingo Doce",cereais,"500 g",480,10.3,58.8,21.1,
5601009967780,"Flocos de Aveia","Pingo Doce",cereais,"400 g",370,12,56,8.4,
5601009160150,"Chocolocos","Pingo Doce",cereais,"375 g",402,7.8,83,3.4,
5601009923748,"Chocorice Arroz Tufado com Chocolate","Pingo Doce",cereais,"375 g",385,5.8,83.9,2.3,
5607047008225,"Granola Enriquecida Sementes Ancestrais","Pingo Doce",cereais,"375 g",428,10.6,60,14,
5601009935161,"Energia de Gold & Crash","Pingo Doce",cereais,"375 g",370,7.8,76,2.6,
5900672002003,"Chrupki Kukurydziane o Smaku Bananowym","Go Bio",cereais,"50 g",558,4.3,54,36,
5602691250785,"Ovos Moles de Aveiro","Fabridoce",cereais,"150 g",362,8.3,54,13,
5607047013731,"Sementes de Linhaça","Pingo Doce",gorduras,"",480,22,3.5,36,
5607047002537,"Batata Doce Palitos","Pingo Doce",fruta,"500 g",148,2.1,23,4.6,
5607047013694,"Farinha Biológica Multicereais","Pingo Doce",cereais,"250 g",398,9.9,81,2.5,
5601009935185,"Puré de Batata em pó","Pingo Doce",cereais,"200 g",345,9,67,2.8,
5607047015001,"Edição Limitada Sabor a Cream&Onion","Pingo Doce",cereais,"150 g",540,6.4,52,33,
5601009994113,"Bolinhas de Alheira e Chouriço","Pingo Doce",cereais,"12 x 25 g",253,12,21,13,
5601363000888,"Light","Lay's",cereais,"140 g",490,6.9,64,22,
5601009986798,"Bebida à Base de Aveia, Aveia, Original","Pingo Doce",laticinios,"1 l",48,0.8,7.6,1.5,
5601009962495,"Tortitas de arroz integral sem sal","Pingo Doce",cereais,"",384,8.3,83.5,1.7,
5601009962488,"Tortitas de milho com sal","Pingo Doce",cereais,"130 g",376,6.2,83.9,1,
5601009962501,"Tortitas de arroz integral com sal","Pingo Doce",cereais,"",380,8.8,81.5,1.8,
5601009967094,"Mini Tortitas de Milho","Pingo Doce",cereais,"200 g (8 x 25 g)",376,6.2,83.9,1,
5601009985234,"Bebida à Base de Arroz, Arroz, Original","Pingo Doce",laticinios,"1 l",42,0.6,7.5,1,
5607047002322,"Bebida à Base de Aveia","Go Bio",laticinios,"1 l",57,1.7,7.1,1.9,
5607047002339,"Bebida à Base de Arroz e Amêndoa","Go Bio",gorduras,"1 l",54,0.7,8.2,2,
5601009983810,"Tortitas de Milho com Chocolate Preto","Pingo Doce",cereais,"90,4 g",443,6.5,71.7,13.5,
5601009984824,"Quinoa Pura Vida 250 gr","Pingo Doce",gorduras,"250 g",368,11.4,58.2,8.3,
5607047013090,"Biológico Tortitas Arroz","Pingo Doce",cereais,"130 g",377,8,81,1.8,
5601009992485,"Tortitas Milho","Go Bio",cereais,"130 g",380,7.3,83.3,1.4,
5607047015018,"Palitos de milho","Pingo Doce",cereais,"100 g",473,6,68,19,
5604697904112,"Línguas de Veado","Rolo",cereais,"250 g",499,6.3,62,24.5,
5607047002353,"Vegetable Drink Rice","Go Bio",laticinios,"1 l",57,0.2,12,0.7,
5601009992492,"Tortitas Arroz","Go Bio",cereais,"125 g",380,8.1,81.6,1.9,
5608705007000,"Arrepiados de Amêndoa","Pastigest",cereais,"225 g",457,15.8,45.8,25.9,
5601009972531,"Farinha para Pão","Pingo Doce",cereais,"500 g",344,9.6,71.4,1.4,
5607047017418,"Batatas Onduladas Sabor a Molho de Leitão","Pingo Doce",cereais,"150 g",549,8.1,52,33,
5602808000807,"Farinha de Trigo","Pérola",cereais,"1 kg",362,10,76,1.3,
5604321029730,"Quinoa Real em grão","Cem Porcento",gorduras,"250 g",366,13,62,6.4,
2640073002372,"Pão Deus","Sem marca",cereais,"",344.9,6.9,50.3,12.1,
5607047012376,"Tremoço","Pingo Doce",vegetais,"",124,15,9.1,5.2,
5607047007921,"Lentilhas verdes","Pingo Doce",gorduras,"500 g",303,23,40,1,
5601009924028,"Feijão Encarnado","Pingo Doce",gorduras,"400g",96.3,7,12,0.7,
5607047016060,"Amendoim em Pó","Pingo Doce",gorduras,"200 g",501,44,13,28,
5601009112296,"Ervilhas","Pingo Doce",fruta,"420 g",71,5.8,7.3,0.7,
5601009500758,"Legumes da Horta Feijão Verde Cortado","Pingo Doce",fruta,"",49,2.3,7.5,0.4,
5607047016466,"Falafel","Pingo Doce",gorduras,"300g (12*25g)",214,9.2,27,6.3,
5607047013168,"Amendoim com Sal","Pingo Doce",gorduras,"50 g",628,27.6,7.6,52,
5601009298174,"Rúcula Selvagem","Pingo Doce",fruta,"100 g",19,2.9,0.5,0.5,
5607047009772,"Tomate em Pedaços","Pingo Doce",fruta,"390 g",21,1,4,0.5,
5601009955480,"Salada Alentejana","Pingo Doce",fruta,"150 g",16,1.8,0.9,0.2,
2605897000980,"Curgete kg","Sem marca",fruta,"",16,1.2,3.4,0.2,
5601009957132,"1 KG","Pingo Doce",fruta,"1 kg",33,1.1,5.8,0.2,
5601009980475,"Polpa de Maracujá com Sementes","Pingo Doce",fruta,"565 g",96,1.2,19,1.1,
5601009952113,"Pizza Forno de Lenha Atum e Cebola","Pingo Doce",carnes,"350 g",246,10.2,26,10.7,
5601009969357,"Gelado Baunilha","Pingo Doce",laticinios,"1000 ml / 500 g",219,2.7,25,12,
5607047001677,"Pizza Deep Pan Queijos","Pingo Doce",cereais,"500 g",245.5,11.6,29.7,8.6,
5601009964666,"Gelado de Nata","Pingo Doce",laticinios,"500g",207,3.4,24,10.8,
5601009298136,"Gelado Caramelo","Pingo Doce",laticinios,"950ml",219,2.4,29.8,10,
5601009999231,"Dairy Free Caramelo Salgado","Pingo Doce",laticinios,"340g",245,1,24.2,14.8,
5601009957668,"Pizza Presunto Serrano","Pingo Doce",cereais,"390 g",258,15.4,27,9.5,
5607047010129,"Chocolate com Biscoito com Molho de Sabor a Chocolate","Pingo Doce",laticinios,"500 ml",141,12,13,4.8,
5601009955756,"Pizza Fiambre e Queijo Mozzarella","Pingo Doce",cereais,"405 g",230.3,14,25.2,7.5,
5601009958610,"Baunilha","Pingo Doce",laticinios,"250 g (500 ml)",117,4.1,13,4.4,
5601009952090,"Pizza Forno de Lenha Romana","Pingo Doce",cereais,"350 g",207,9.5,29.2,5.2,
5601009975747,"Tubitos","Pingo Doce",laticinios,"6 x 117 g",88,0.1,21.7,0.1,
5607047015711,"Ice Cream Blue","Pingo Doce",laticinios,"475 g / 950 ml",140,3.2,16,5.1,
5607047010822,"Gelado Banana Nacional","Pingo Doce",laticinios,"188 g (4 x 47 g) / 240 ml (4 x 60 ml)",163,1.7,19,7.9,
5607047018934,"Gelado Mini Bites Caramelo Salgado","Pingo Doce",laticinios,"",376,3.6,25,29,
5607047018484,"Mochi Limão","Pingo Doce",laticinios,"",205,2.8,42,2.7,
5607047018477,"Mochi caramelo","Pingo Doce",laticinios,"4 x 35 g",221,2.4,40,5.6,
5607047018361,"gelados Majestic Limão","Pingo Doce",laticinios,"600 ml (6 x 100 ml) / 417 g (6 x 69,5 g)",333,2.5,38,19,
5607047018699,"Mini gelados majestic double caramel","Pingo Doce",laticinios,"",363,3.7,37,22,
5601009961900,"Baunilha","Pingo Doce",laticinios,"250 g",146,1.7,15.5,8.5,
5601009985135,"Vegetais Grelhados","Pingo Doce",fruta,"400 g",32,1.4,4.6,0.3,
5601009999279,"Gelado de caramelo com molho de caramelo salgado Pingo Doce","Pingo Doce",laticinios,"275g",138,11.3,11.1,5.2,
5601009500147,"Lasanha Bolonhesa","Pingo Doce",carnes,"400 g",133,6,14,5.5,
5601009940196,"Batatinhas para assar ultracongeladas","Pingo Doce",fruta,"",68,1.9,14.3,0.1,
5607047018088,"Sandwich Ice Cream","Pingo Doce",laticinios,"",280,5.1,46,7.9,
5607047018521,"Gelados majestic amendoas","Pingo Doce",laticinios,"",350.9,4.9,31,23,
5607047022962,"Gelados Pistachio","Pingo Doce",laticinios,"",350,4.2,33,22,
5607047027240,"Açaí com Guaraná","Pingo Doce",laticinios,"",100,0.5,20,1.8,
5601009951765,"Sumo 100% Maçã","Pingo Doce",laticinios,"200 ml",45,0,11,0,
5601009980024,"Tempero de Sumo de Limão","Pingo Doce",snacks,"200 ml",10,0.3,1.9,0.1,
5607047007976,"Maçã Romã Baga de Sabugueiro Limão Shot","Pingo Doce",laticinios,"125 ml",42,0.6,10,0,
5601009964246,"Fruta e Vitaminas Tropical","Pingo Doce",laticinios,"",36,0.2,8.6,0.1,
5607047007952,"Shot vitamin love Maçã, Laranja, Gengibre e Inulina","Pingo Doce",laticinios,"125 ml",41,0.6,9.7,0,
5607047016640,"Sumo com Proteina Vegetal Frutos Vermelhos","Pingo Doce",laticinios,"250 ml",50,2.9,9.1,0.5,
5601151977965,"Veggie Maçã & Beterraba","Compal",laticinios,"1 l",45,0.5,10.1,0.5,
5607047016497,"Tangerina","Pingo Doce",laticinios,"1 l",46,0.6,11,0.5,
5607047012147,"Sumo 4 Veggie Maçã + Cenoura + Gengibre + Limão","Pingo Doce",laticinios,"250ml",38,0.3,9.3,0,
5601009984480,"Sumo Natural Laranja com Maçã","Pingo Doce",laticinios,"750 ml",52,0.4,12.4,0.1,
5601009984442,"Sumo Laranja Maçã de Alcobaça","Pingo Doce",laticinios,"250 ml",52,0.4,12.4,0.1,
5607047027585,"Sumo de limão e frutos vermelhos","Pingo Doce",laticinios,"",48,0.5,12,0.5,
5601151972984,"Néctar Clássico Frutos Vermelhos","Compal",laticinios,"1 l",36,0.5,8.7,0.5,
5038862002486,"Super Smoothie Energía Fresa, Cereza, Manzana, Guaraná, Semillas de Lino y Vitaminas","innocent",laticinios,"75 cl",55,0.5,12,0.2,
5601009993932,"Néctar Clássico Tutti Frutti","Sem marca",laticinios,"",37,0.3,9.3,0.3,
5601009993864,"sumo de ananas, laranja e coco","Pingo Doce",laticinios,"",46,0.5,11.3,0.5,
5601009992089,"Smoothie 100% Fruta com Frutos Tropicais","Pingo Doce",laticinios,"330 ml",54,0.6,12.4,0,
5601009941209,"Bebida à Base de Soja Original","Pingo Doce",laticinios,"1 l",46,3,4.6,1.7,
5601009987634,"Bebida à Base de Amêndoa, Amêndoa, Original","Pingo Doce",gorduras,"1 l",28,0.5,3.2,1.3,
8023678262305,"Original coco","Isola Bio",gorduras,"500 ml",20,0,5,0,
5607047010242,"Bebida à Base de Soja","Pingo Doce",laticinios,"1 l",38,3.3,1.8,1.9,
5601009953295,"Soja, Chocolate","Pingo Doce",laticinios,"1 l",60,3.1,7.5,1.8,
5601009984282,"Bebida à Base de Soja, Soja, Baunilha","Pingo Doce",laticinios,"1 l",48,2.9,4.4,2.1,
5601009995301,"Bebida à Base de Avelã, Avelã, Original","Pingo Doce",gorduras,"1 l",29,0.5,2.9,1.6,
5601009959341,"Bebida à Base de Soja -37% de Açúcares***","Pingo Doce",laticinios,"1 l",35,2.1,3.3,1.2,
5601009951956,"Nectaríssimo Maracujá, Maçã e Manga","Pingo Doce",laticinios,"250 ml",53,0.3,12.8,0.1,
5601009993918,"Nectaríssimo Light Pêssego","Pingo Doce",laticinios,"1 l",18,0.2,4.3,0.1,
5601009955985,"Chocolate, Bebida à Base de Soja","Pingo Doce",laticinios,"200 ml",60,3.1,7.5,1.8,
5601009999088,"mala fruta espremida","Pingo Doce",laticinios,"750 ml",44,0.5,11,0.5,
5601009110339,"Bebida de Cereais","Pingo Doce",laticinios,"200 g",361,4.3,81,0.3,
5601009984268,"Bebida à Base de Soja, Soja, sem Adição de Açúcares","Pingo Doce",laticinios,"1 l",31,3.1,0.6,1.6,
5607047012031,"5 Veggie Maçã + Cenoura + Pera + Beterraba Limão","Pingo Doce",laticinios,"250 ml",40,1.5,9.3,0,
5607047002346,"Bebida à Base de Soja","Go Bio",laticinios,"1 l",37,3.6,1.1,1.8,
5607047009017,"Bebida à Base de Amêndoa, sem Adição de Açúcares","Pingo Doce",gorduras,"1 l",17,0.7,0.2,1.4,
5607047013779,"Bebida à Base de Soja Chocolate","Pingo Doce",laticinios,"200 ml",60,3.1,7.5,1.8,
5607047006023,"Linhaça uva Laranja Pêssego, Maçã Banana, Manga Maracujá Smoothie+","Pingo Doce",laticinios,"250 ml",52,0.7,12,0.5,
5607047006221,"Infusão de Ervas Defesa","Pingo Doce",laticinios,"",2,0,0.5,0,
5607047006238,"Infusão de Ervas Equilíbrio","Pingo Doce",laticinios,"",1,0,0.5,0,
5601009960798,"AntiOx Frutos vermelhos","Pingo Doce",laticinios,"1L",40,0.2,9.9,0.1,
5601009981496,"Leite de Coco","Pingo Doce",gorduras,"400 g",179,1.1,2.7,18.1,
5601009955992,"Original, Bebida à Base de Soja","Pingo Doce",laticinios,"200 ml",46,3,4.6,1.7,
5607047016978,"Amêndoa com pele torrada pingo doce","Sem marca",gorduras,"",632,24,4.7,55,
5607047016558,"Caju","Pingo Doce",gorduras,"200 g",584,21,21,45,
5601009990993,"Miolo de avelá","Pingo Doce",gorduras,"150 g",666,14,6,63,
5602586150169,"Amêndoa com Pele","Frutorra",gorduras,"200 g",619,26,5.5,53,
5601009995820,"Snack Crocante Amendoins, Amêndoas e Cajús","Pingo Doce",gorduras,"90 g",539,16,42.5,32.9,
5607047016541,"Caju frito com sal","Pingo Doce",gorduras,"200 g",614,18,28,47,
5607047017531,"Mistura com sal de amendoim, amêndoa e caju","Pingo Doce",gorduras,"200 g",622,24,11,52,
5607047007730,"Caju frito com piri piri","Pingo Doce",gorduras,"200g",613,21,18,50,
5607047017012,"Amêndoa frita com sal","Pingo Doce",gorduras,"200 g",632,26,3.6,55,
5607047017548,"Amêndoa Portuguesa com Flor de Sal","Pingo Doce",gorduras,"150 g",632,22,7.4,55,
5607047021354,"hummus tremoço e manjericão","Sem marca",snacks,"",211,7.2,2.7,18,
5601009970582,"Doce Extra De Cereja","Pingo Doce",gorduras,"355 g",247,0.8,60,0.1,
5608516251418,"Mel laranjeira","Quinta de Jugais",gorduras,"300 g",336,0.2,83,0.3,
8719200253087,"Planteiga","Planta",gorduras,"200g",713,0.5,0.5,79,
5607047001127,"Guacamole","Pingo Doce",snacks,"150 g",128,1.3,4.5,11,
5601009994328,"Mermelada Manzana","Pingo Doce",gorduras,"230 g",277,0,68.5,0.1,
5601009921713,"Marmelada Extra","Pingo Doce",gorduras,"450 g",253,0.3,62,0.1,
5602992160110,"Doce de Figo","Sabores do Campo",gorduras,"310 g",261.6,1,63.3,0.1,
5601009984329,"Guacamole","Pingo Doce",snacks,"",195,2,4,19,
5601517380026,"Mostarda","Mendes Gonçalves",snacks,"250 g",86,1.7,14,1.5,
5607047015940,"Mostarda C/Grãos PD Vidro 200g","Pingo Doce",snacks,"200 g",120,4.2,16,3.9,
5607047006306,"Molho Teriyaki PD 200ml","Pingo Doce",snacks,"200 ml",269,1.8,65,0.5,
5601009974405,"Ketchup","Pingo Doce",snacks,"560 g",127,1.2,30,0.5,
5601009969852,"Maionese","Pingo Doce",snacks,"207 g",713,1.2,3.8,77,
5607047003152,"Pesto Alla Calabrese","Pingo Doce",snacks,"190 g",312,3.2,7.9,29,
8001665124133,"Salsa Fresca Pesto con Albahaca","Giovanni Rana",snacks,"140 g",411.4,4.7,10,57,kcal incoerente com os macros
5601009969838,"Maionese","Pingo Doce",snacks,"414 g",713,1.2,3.8,77,
5607047012598,"Maionese com Abacate","Pingo Doce",snacks,"217 g",657,0.5,4.6,71,
5601009975365,"Maionese Light**","Pingo Doce",snacks,"470 g",342,1.5,24.5,26.4,
5601009984725,"Polpa de Tomate Manjericão e Orégãos","Pingo Doce",snacks,"500 g",45,1.7,6.5,0.9,
5601009995783,"Vinagrete com Mostarda à l'Ancienne","Pingo Doce",snacks,"245 ml",216,1,12,18,
5607047007273,"Molho Cocktail","Sem marca",snacks,"",353,1.5,21,29,
8001665124164,"Salsa Fresca Setas","Rana",snacks,"180 g",78,2.8,5.7,4.6,
5906425143320,"Sos czosnkowy","Go Vege",snacks,"410 g",352,0.5,10,34,
5601019061935,"Przecier Pomidorowy","Go Bio",snacks,"500 g",26,1,4.4,0,
8001665721004,"Salsa Fresca Trufa Negra","Rana",snacks,"150 g",338,3.4,4.6,34,
5604321026487,"Biscoitos Integrais de Alfarroba","Cem Porcento",snacks,"250 g",434,6.2,53.8,18.9,
5607047022641,"Crocantes bolachas belgas com sabor a limao","Sem marca",snacks,"",490,6.4,66,22,
5601009961832,"Bolacha Maria","Pingo Doce",snacks,"800 g (4 x 200 g)",429.2,7.8,77,9.6,
5601009947867,"Bolacha de Canela","Pingo Doce",snacks,"470 g (2 x 235 g)",466,6.2,73,16,
5601009979233,"Cookies & Cream","Pingo Doce",snacks,"154g",471,4.6,73,17.4,
5601009979318,"Bolacha Maria","Pingo Doce",snacks,"300 (12 x 25 g)",429,7.4,78.4,8.9,
5607047018965,"Rolinho Waffer","Pingo Doce",snacks,"150g",529,3.7,65,28,
5607047019016,"Biscoitos Recheados com Cacau e Avelã","Pingo Doce",snacks,"175 g",494,6.9,63,23,
5601009979301,"Bolacha digestiva com chocolate","Pingo Doce",snacks,"300 g",491,6.1,63,23,
5601009940561,"Petit Milk Biscuit","Pingo Doce",snacks,"150 g",521,7.2,58.7,28.1,
5601009980147,"Bolacha Maria Sem Lactose*","Pingo Doce",snacks,"200 g",433,7,79.4,9.1,
5601009983209,"Crepes Dentelle com Chocolate de Leite","Pingo Doce",snacks,"100 g",491,5.8,68.8,20.8,
5601009995226,"Tarteletes Morango","Pingo Doce",snacks,"96 g",408,4.8,73.7,10.3,
5601009998548,"Bolachas Butter Cookies","Pingo Doce",snacks,"454 g",501,6.1,64,24,
5607047019184,"Bolachas Marinheiras com Alfarroba","Pingo Doce",snacks,"160 g",431,12,66,12,
5601009992614,"Palitos","Pingo Doce",snacks,"400 g (4 x 100 g)",381,9,75,4.5,
5607047002155,"Bolacha com Cacau com Recheio de Sabor a Chocolate","Pingo Doce",snacks,"500 g",486,5.8,68,20,
5601009996049,"Tarteletes de Chocolate","Pingo Doce",snacks,"91 g",485,6.8,66.9,20.4,
5601009975334,"Palitos de Chocolate","Pingo Doce",snacks,"150g",514,6.4,64.5,25.2,
5607047004036,"Bolachas Selva","Pingo Doce",snacks,"330g (8x41.2g)",469,6.4,68,18,
5601009981526,"Joaninhas Cobertas com Chocolate de Leite","Pingo Doce",snacks,"150g",513,6,62,26,
5607047012314,"Bolacha de Arroz Crocante com Cobertura de Chocolate Negro","Pingo Doce",snacks,"100 g",506,6.8,61,25,
5607047011195,"Crepes Dentelle Bolacha Crocante","Pingo Doce",snacks,"120 g",462,6.2,70,17,
5607047012307,"Sortido Triplo Bolacha com Cobertura de Chocolate Branco • Leite • Preto","Pingo Doce",snacks,"100 g",522,6.2,60,28,
5601009987689,"Quinoa & Cereais","Pingo Doce",snacks,"300 g (6 x 50 g)",457,8.4,66,16,
5601009965045,"Bolachas 5 Cereais e maçã","Pingo Doce",snacks,"150 g",442,9.4,65,15,
5601009935888,"Choc 'n' Roll Argolinhas Cobertas com Chocolate Branco","Pingo Doce",snacks,"150 g",512,5.5,65.7,24.9,
5601009987672,"Bolachas Matinais Chocolate & Cereais","Pingo Doce",snacks,"300 g (6 x 50 g)",419,9.1,64,12,
5601009999613,"Bolacha Maria","Pingo Doce",snacks,"",477,1.5,80,14,
5601009980239,"Bolacha Maria Dourada","Pingo Doce",snacks,"800 g (4 x 200 g)",477,6.9,73,17,
5607047000779,"Bolachas Sprits","Pingo Doce",snacks,"400 g",535,5.3,60,30,
5601009958443,"Soft Cakes","Pingo Doce",snacks,"300 g",387,3.3,71.4,9.2,
8436048402841,"Filipinos Chocolate de Leite","Filipinos",snacks,"135g",515,6.7,62,26,
5607047014806,"Argolinhas Chocolate Branco","Pingo Doce",snacks,"128 g",548,5.8,65,29,
5607047016411,"Florentines de Amêndoas Cobertos com Chocolate de Leite, Negro e Branco","Pingo Doce",snacks,"100 g",536,8.1,52,32,
5601009978724,"Bolacha Brownie","Pingo Doce",snacks,"225g",513,6,59.4,27.1,
5601009979332,"Bolacha Cookies & Cream","Pingo Doce",snacks,"100 g",484,5.1,67.5,20.9,
5607047012284,"Bolacha de Amêndoa e Chocolate","Pingo Doce",snacks,"100 g",499,71,62,24,kcal incoerente com os macros
5607047009741,"Bolachas Matinais Aveia","Pingo Doce",snacks,"400g",459,7.9,65,17,
5607047017333,"Argolinhas Chocolate Branco","Pingo Doce",snacks,"150 g",470,6.7,69,18,
5601009110704,"Palmiers","Pingo Doce",snacks,"200gr",519,6.4,61,28,
5607047012291,"Bolacha de Amêndoa e Arandos com Cobertura de Chocolate Branco","Pingo Doce",snacks,"100g",497,5.8,66,23,
5606533259004,"Talecas de Amêndoa","Carlydoce",snacks,"250 g",478.1,6.1,66.4,20.9,
5607047017326,"Argolinhas chocolate de leite","Pingo Doce",snacks,"150 g",481,7.5,66,20,
5607047009451,"Bolachas com Creme de Baunilha","Pingo Doce",snacks,"500g",491,4.6,71,21,
5601009940585,"Mini Cookies","Pingo Doce",snacks,"125g",494,6.7,61.1,23.8,
5607047017005,"Bolacha Recheada com Chocolate de Leite","Pingo Doce",snacks,"168 g (6 x 28 g)",514,6.7,64,26,
5601009999408,"Butter Cookies","Pingo Doce",snacks,"750g",501,6.1,64,24,
5607047007464,"Chocolate","Sem marca",snacks,"",523,7.5,57,29,
5601009960644,"Chocolate Chocolate de Leite com Amêndoas","Pingo Doce",snacks,"100 g",492,9.3,42.4,35,
5607047007488,"Chocolate Preto","Pingo Doce",snacks,"200 g",554,11,34,39,
5607047008232,"Chocolate para Culinária","Pingo Doce",snacks,"200 g",521,6.1,58,28,
5607047001592,"Chocolate de Leite  com Pedaços de Amêndoa Caramelizada com Mel","Pingo Doce",snacks,"100 g",550,6.4,54.3,34.3,
5607047020395,"Chocolate Preto Flor De Sal","Pingo Doce",snacks,"",524,7,51,31,
5601009960620,"Chocolate, Chocolate de Leite","Pingo Doce",snacks,"100 g",476,7.3,48.3,33.3,
5607047012635,"Chocolate Preto Bio 74% Cacau","Pingo Doce",snacks,"100g",574,10,34,42,
5607047007457,"Chocolate de Leite com Arroz Tufado","Pingo Doce",snacks,"100g",524,7.4,56,30,
5601009974986,"Snack Chocolate com Caramelo e Bolacha","Pingo Doce",snacks,"350g",493,5.1,68.5,21.7,
5607047007426,"Chocolate de Leite Amêndoas Inteiras","Pingo Doce",snacks,"200 g",569,13,41,39,
5607047023099,"Chocolate preto 72%","Pingo Doce",snacks,"",558,10,37,39,
5601009983919,"Chocolate, Chocolate Preto","Pingo Doce",snacks,"100 g",504,8.7,35.7,35.8,
5601009989973,"Chocolate Preto","Go Bio",snacks,"100 g",570,10,35,41,
5601009961818,"Chocolate para Culinária","Pingo Doce",snacks,"200 g",467,6.2,34.2,34.5,
5601009160068,"Chocolate preto","Pingo Doce",snacks,"100 g",513.8,6.1,57.2,27.8,
5607047008089,"Chocolate Preto Laranja e Amêndoa","Pingo Doce",snacks,"100g",511,6.3,52,29,
5601009974962,"Chocolate com Caramelo e Nougat","Pingo Doce",snacks,"350g",470,4.1,74,17.2,
5607047015933,"Chocolate para Culinária sem adição de açúcar 52% cacau","Pingo Doce",snacks,"200 g",476,8.1,34.8,34.5,
5601009974979,"Chocolate com Amendoins, Caramelo e Nougat","Pingo Doce",snacks,"350 g",509,9.5,57.3,26.4,
5607047007471,"Chocolate de Leite","Pingo Doce",snacks,"200g",520,7.7,58,28,
3015495600106,"Calendário do Advento","Jacquot",snacks,"75 g / 2.64 oz",512.6,6.4,61,27,
3173286491453,"Pai Natal","Jacquot",snacks,"150 g",542,6.5,57,32,
5601009947904,"Chocolate de Leite","Pingo Doce",snacks,"200 g",547,7.3,55,32.7,
5601009974474,"Chocolate","Pingo Doce",snacks,"100 g",571,3.8,54,37,
8410100098531,"Nestlé Classic Avelãs","Nestlé",gorduras,"150 g",563.6,7.4,51.1,36,
5602449021025,"Extra Fofos","RealBolo",snacks,"300 g",315,9.8,54.7,5.7,
5601009958306,"Pipocas Wanted Doces","Pingo Doce",snacks,"90 g",426,8.3,64,18.5,
5601009985623,"Napolitanas","Pingo Doce",snacks,"270 g (6 x 45 g)",406,6.8,42,22.5,
5601009988891,"Batata Palha","Pingo Doce",snacks,"180 g",574,5.5,48.3,39,
5601009985630,"Napolitanas Recheio de Baunilha","Pingo Doce",snacks,"270 g (6 x 45 g)",376,4.8,50,17,
5601009962822,"Crackers com Sal à Superfície","Pingo Doce",snacks,"500 g (14 x 35,7 g)",431,10,69,12,
5601009958511,"Chocokid Barritas Chocolate de Leite","Pingo Doce",laticinios,"200 g (16 x 12,5 g)",545,7.7,53,33,
5607047013229,"Snack de Amendoim","Pingo Doce",snacks,"50 g",498,12,59,23,
5601009979059,"Batatas Fritas Sabor a Mel Mostarda","Pingo Doce",snacks,"150 g",161,2,15,9.9,
5607047008607,"Bolacha Água e Sal Sem Lactose","Pingo Doce",snacks,"125 g",420,10,71,10,
5607047022894,"Pão De Ló","Pingo Doce",snacks,"",314.7,6.7,57.3,6.5,
5601009984138,"Barras Linha Chocolate Negro","Pingo Doce",snacks,"120 g (6 x 20 g)",396,6.5,71.1,8.1,
5601009942213,"Soft Cakes Recheadas com Laranja Cobertas com Chocolate","Pingo Doce",snacks,"300 g",380,3.4,69.5,9.2,
5607047003756,"Madalenas Clássicas Sem Glúten","Pingo Doce",snacks,"160 g",438,4,52,24,
5601306010554,"Canudinhos","Dailidoce",snacks,"300 g",406,7.3,87.4,2.4,
5601009940264,"Pastilhas Elásticas sem Açúcar Morango","Pingo Doce",snacks,"26,1 g",162,0,66,0,kcal incoerente com os macros
5601009940271,"Pastilhas Elásticas sem Açúcar Spearmint","Pingo Doce",snacks,"26,1 g",150,0,63,0,kcal incoerente com os macros
5604697901012,"Bolo de Chocolate","Pingo Doce",snacks,"500 g",400,5.2,50,19.5,
5601009943760,"Um Waffle, Várias Opções","Pingo Doce",snacks,"165 g",467,7,48.1,27.2,
5607047017098,"Madalenas com Recheio de Cacau","Pingo Doce",snacks,"336 g",444,4.1,54,23,
5602519000066,"Línguas de Veado","Sem marca",snacks,"600 g",497,5.7,64,23.9,
5601009982639,"Sortido de Chupas","Pingo Doce",snacks,"150 g",403,0.2,99,0.3,
5601009982134,"Batatas Fritas Lisas Batatas Receita Rústica","Pingo Doce",snacks,"188 g",524,6.9,52,31,
5601009984145,"Barras Linha Frutos Vermelhos","Pingo Doce",snacks,"120 g (6 * 20 g)",380,5.6,77.3,4.6,
5601009985531,"Barras de Frutos Secos","Pingo Doce",snacks,"35 g",575,17.1,40.7,35.7,
5604697001231,"Extra-Fofos","Sem marca",snacks,"300 g",345,9,55.4,9,
8410199016591,"Snack Ondulados de Multicereales Sabor a Sour Cream y Un Toque de Pimienta","Sunbites",snacks,"95 g",480,7.6,60.3,21.7,
5601009975181,"Chocopintas","Pingo Doce",gorduras,"200 g",484,3.8,70.3,20.5,
5607047010273,"Snack Vegetariano Framboesa e Amêndoa","Pingo Doce",snacks,"80 g",407,9.3,48,16,
5607047013113,"Bolitos com Pepitas de Chocolate de Leite","Pingo Doce",snacks,"280 g (8 x 35 g)",345.7,8.9,49.7,11.7,
5601009973057,"Gomas Tijolos & Cilindros","Pingo Doce",snacks,"300 g",386,1.9,85.9,4,
5601009990719,"Batata Frita","Pingo Doce",snacks,"200 g",539,6.2,51.6,33.3,
5601009980154,"Bolacha Água e Sal Sem Lactose*","Pingo Doce",snacks,"125 g",435,9.2,74,10.6,
5604697905461,"Pão de Ló","Sem marca",snacks,"500 g",299,6.5,56,5,
5601009962419,"Pastilhas Recheadas Spearmint","Pingo Doce",snacks,"22 g",281.9,1.1,69,0.1,
5601009976003,"Pastilhas Elásticas sem Açúcar Spearmint","Pingo Doce",snacks,"27,4 g",127,0.4,52.4,0,kcal incoerente com os macros
5607047002056,"Pastilhas Elásticas sem Açúcar Morango","Pingo Doce",snacks,"4 x 26,1 g",162,0,66,0,kcal incoerente com os macros
5604697901098,"Bolo de Noz","Sem marca",snacks,"500 g",400,5.9,53,18,
5607047004173,"Pipocas Doces","Pingo Doce",snacks,"240 g",427,6,73,11,
2659801001471,"Brioche de Leite 60 g *","Sem marca",snacks,"60 g",311,7.7,52,7.8,
8424259300537,"Chips de Lentejas","Gerblé",snacks,"65 g",473,13,56,21,
5607047009116,"Barras de Frutos Secos Amendoins, Amêndoas, Pistachio e Chocolate Preto","Pingo Doce",snacks,"140 g",541,17.1,34.8,35.9,
5601009971527,"Bolitos com Pepitas de Chocolate de Leite","Pingo Doce",snacks,"280 g",345,9,46.7,11.8,
5601009994649,"Sortido de gomas","Pingo Doce",snacks,"400g",329,4.3,78,0.1,
5601009955237,"Pastilhas Recheadas Morango Lima","Pingo Doce",snacks,"",154,1.4,60.9,0.1,kcal incoerente com os macros
5607047019474,"Puré de Fruta com Proteína Vegetal","GO ACTIVE pingo doce",fruta,"120 g",75,4,13,0.3,
5601009981564,"Gelatina Light* Morango","Pingo Doce",snacks,"400 g (4 x 100 g)",10,1.7,0.8,0,
5601009990603,"Pêra","Pingo Doce",fruta,"90 g",50,0.4,11,0.1,
5601009970575,"Pêssego","Pingo Doce",fruta,"355 g",225,0.4,55,0.1,
5601009240555,"Salame de Chocolate","Pingo Doce",snacks,"450 g",411,4.6,64,15,
5607047003183,"Manga com Iogurte","Pingo Doce",fruta,"90 g",71,1.5,12,1.7,
5601009110766,"Leite Condensado","Pingo Doce",snacks,"397g",325,6.9,56.4,8,
5601009982851,"Maçã Banana Laranja","Pingo Doce",fruta,"90 g",62,0.8,14,0.1,
5601009984541,"Pêssego em Calda","Pingo Doce",fruta,"820 g",60,0.5,13.3,0.1,
5601009979387,"Multi-Frutos","Pingo Doce",fruta,"90 g",54,0.7,12,0.3,
5601009990597,"Maçã","Pingo Doce",fruta,"90 g",54,0.3,12,0.2,
5601009987856,"Multi-Frutos com Cereais","Pingo Doce",fruta,"90 g",65,0.8,13,0.6,
5601009996735,"Maçã Cenoura Manga","Pingo Doce",fruta,"90 g",51,0,12,0,
5601009962310,"Gelatina Morango","Pingo Doce",snacks,"400 g (4 x 100 g)",56,1.6,12,0,
5607047002124,"Doce Morango s/açúcar","Pingo Doce",fruta,"",215,0.6,53,0,
5601009996742,"Maçã Batata Doce Cenoura","Pingo Doce",fruta,"90 g",52,0.6,11,0.3,
5601009996773,"Morango e Banana com Iogurte","Pingo Doce",fruta,"90 g",62,1.5,11,1.1,
5607047013861,"Gelatina Maracujá","Pingo Doce",snacks,"400 g (4 x 100 g)",55,1.6,12,0,
5607047020722,"Gelatina Proteica Frutos Vermelhos","Pingo Doce",snacks,"400 g (4 x 100 g)",40,10,0,0,
3041091718037,"Pera","Blédina",fruta,"380 g (4 x 95 g)",53,0.5,11,0.2,
5607047011720,"Mirtilo Soja","Pingo Doce",laticinios,"480 g (4 x 120 g)",88,3.3,14,1.8,
7622300870409,"gelatina sabor tropical","Royal",snacks,"400 g (4 x 100 g)",10,1.7,0.7,0,
5607047013854,"Gelatina Ananás com sumo de fruta","Pingo Doce",snacks,"400 g (4 x 100 g)",54,1.6,11,0,
5601009981854,"Gelatina Light","Pingo Doce",snacks,"100 g",11.6,1.7,0.8,0,
5607047011904,"Sobremesa com sabor a Baunilha","Pingo Doce",snacks,"500 g (4 x 125 g)",105,3,17,2.9,
5601009942268,"Soja Alperce e Pêssego","Pingo Doce",laticinios,"150 g e",84,3.6,11.8,2.3,
5601009992287,"Gelatina Light* Romã e Framboesa","Pingo Doce",snacks,"400 g (4 x 100 g)",11,1.7,0.8,0,
7622210479846,"Gelatina Royal Sabor Limão","Royal",snacks,"400 g (4x 100g)",10,1.7,0.6,0,
2000002629702,"Arroz Doce","Pingo Doce",laticinios,"",174,4.3,29.3,4.5,
5601009996766,"Banana com Iogurte","Pingo Doce",fruta,"90 g",74,2.1,12,1.6,
5607047017753,"Touchinho do Céu","Pingo Doce",snacks,"200 g (2 x 100 g)",269,4,52,5,
5607047011041,"Puré de Maçã e Banana","Pingo Doce",fruta,"125 g",71,0.6,15,0.5,
5601009925674,"Leite de Creme para Toda a Família","Pingo Doce",snacks,"92g (4x23g)",346,0.5,84.9,0.5,
5601009980864,"Leite Evaporado","Pingo Doce",snacks,"410g",128,6,9.3,7.4,
2000002630999,"Natas do Ceu Un","Pingo Doce",snacks,"",389,5.8,39.6,23,
2000002633341,"Arroz Doce Familiar","Pingo Doce",snacks,"",137,3.5,22.9,3.5,
2000002958543,"Mousse de Café Un","Pingo Doce",snacks,"",300,5.9,30.1,17.4,
3021760406045,"Apple – Berries","GoGo squeeZ",fruta,"90 g",67,0.5,14,0.5,
2000002641728,"Doce Pingo Doce Un","Pingo Doce",snacks,"",317,6.6,38.7,15.2,
5601009991914,"100% Fruta Maçã e Pêra","Go Bio",fruta,"90 g",57,0.3,13,0,
5607047018606,"Maçã Pera","Pingo Doce",fruta,"90 g",46,0.1,10,0.1,
5601082022758,"Lote Chávena","Delta",vegetais,"250 g",9,0.8,1,0.3,
5607047003619,"Polpa de Tomate","Pingo Doce",fruta,"1 kg",37,1.7,6.3,0.5,
5601009974689,"Azeite Virgem Extra Não Filtrado","Sem marca",gorduras,"500 ml",822,0,0,91.2,
5601009974672,"Azeite Virgem Extra Não Filtrado Azeite dos Nossos Planaltos","Sem marca",gorduras,"500 ml",822,0,0,91.3,
5607047009079,"Pickles em vinagre","Pingo Doce",vegetais,"210 g",6,0.5,0.6,0.5,
5607047007372,"Azeite virgem","Pingo Doce",gorduras,"750 ml",819,0,0,91,
5601009110216,"Café Solúvel","Pingo Doce",snacks,"100 g",304,24,40,0.5,
5601009978397,"Tomilho em Folha","Pingo Doce",snacks,"20 g",280,14.9,28.3,4,
5601009297917,"Café Gold","Pingo Doce",snacks,"100 g",301,21,41,0.5,
5601009984008,"Sementes de Girassol","Pingo Doce",gorduras,"200 g",556,17.3,7,48,
5607047011935,"cogumelos laminados","Pingo Doce",fruta,"185grs",22,2.5,1.1,0.5,
5601009971114,"Chiado","Pingo Doce",snacks,"128 g (16 x 8 g)",16,1,3,0.2,
5601009993710,"Galão","Pingo Doce",snacks,"",44,2.2,6.5,1,
5607047007211,"Café Moído Descafeinado","Pingo Doce",snacks,"250 g",6,0.6,0.9,0.5,
5601009990061,"Azeite Virgem Extra Azeite das Nossas Planícies","Pingo Doce",gorduras,"3 l",822,0,0,91.3,
5607047009239,"Corposo Formato Poupança","Pingo Doce",snacks,"240 g (30 x 8 g)",18,1.6,2.8,0.5,
2000002347873,"Creme de Vegetais e Espinafres s/ batata","Pingo Doce",laticinios,"0,900 kg",23,0.7,2.4,1.1,
5601009986941,"Azeitona Mista C/Az. Alho Oreg PD 155 g","Pingo Doce",vegetais,"",142,1.5,2.1,13.3,
5604360212926,"Hambúrguer Tremoço Azeitona","Tremoceira",carnes,"200 g (2 x 100 g)",162,10.6,8,8,
5601009962198,"Milho doce","Pingo Doce",snacks,"150 g (líquido), 140 g (escorrido)",90.6,2.9,12.2,2.4,
5601009958269,"Descafeinado","Pingo Doce",snacks,"128 g (16 x 8 g)",12,0.5,2.4,0.2,
5601009958252,"Corposo","Pingo Doce",snacks,"128 g (16 x 8 g)",18,1.6,2.8,0.2,
5607047009475,"Café Moído Vietname","Pingo Doce",snacks,"200 g",4,0.9,0.5,0.5,
5601009978410,"Cravinho","Pingo Doce",snacks,"25 g",303,6.3,45.8,3.4,
5607047007358,"Azeite de Moura Dop","Pingo Doce",gorduras,"750ml",822,0,0,91.3,
5601009993246,"Café Intenso","Pingo Doce",snacks,"100 g",305,22,43,0.6,
5607047007228,"Pastilhas de Café Intenso","Pingo Doce",snacks,"105 g (15 x 7 g)",10,1.4,1.1,0.5,
5601009988969,"Kaapi Royale","Pingo Doce",snacks,"128 g (16 x 8 g)",21,1.2,4.1,0.2,
5601009978922,"Noz Moscada Moída","Pingo Doce",snacks,"45 g",464,6.5,33.9,28.7,
5607047011942,"Cogumelos Laminados","Pingo Doce",fruta,"555 g (3 x 185 g)",22,2.5,1.1,0.5,
5607047009222,"Aromático Formato Poupança","Pingo Doce",snacks,"240 g (30 x 8 g)",14,1.1,2.5,0.5,
5601009110223,"Café Solúvel Descafeinado","Pingo Doce",snacks,"20 g (10 x 2 g)",302,17,47,0.5,
02805203,"Azeite","Oliveira da Serra",gorduras,"750 ml",819,0,0,91,
5605378532853,"cebola roxa","Domingos Ferreira",snacks,"1 kg",43,0.7,8.6,0.3,
5607047011171,"Canela","Pingo Doce",snacks,"",17,12,2.7,0.5,kcal incoerente com os macros
5601009973873,"Invicta","Pingo Doce",snacks,"128 g (16 x 8 g)",16,1.4,2.7,0.2,
5601009978335,"Ristretto","Pingo Doce",snacks,"128 g (16 x 8 g)",16,15,2.6,0.2,kcal incoerente com os macros
5601009958283,"Aromático","Pingo Doce",snacks,"128 g (16 x 8 g)",14,1.1,2.5,0.2,
5601009972548,"Farinha para Pão","Pingo Doce",cereais,"500 g",387,14,57,10,
5602348111186,"Vegan Panados Ervilha","Izidoro",carnes,"260g",227,6.5,19,13,
5607047012550,"Intenso","Pingo Doce",snacks,"128 g (16 x 8 g)",17,1.7,2.2,0.5,
5607047010112,"Café Solúvel","Pingo Doce",snacks,"20 g (10 x 2 g)",304,24,40,0.5,
5607047019429,"Guatemala","Pingo Doce",snacks,"128 g (16 x 8 g)",14,1.2,1.9,0.5,
5607047011072,"Aveludado","Pingo Doce",snacks,"",14,1.2,1.9,0.5,
5607047019092,"Biológico","Pingo Doce",snacks,"128 g (16 x 8 g)",14,1.2,1.9,0.5,
5601009990092,"Azeite Virgem Extra Não Filtrado","Sem marca",gorduras,"3 l",822,0,0,91.3,
5601009110537,"Cogumelos laminados","Pingo Doce",carnes,"355 g (líquido), 185 g (escorrido)",17.4,2.1,0,0.4,
2000003734689,"Creme de Cenoura Un","Pingo Doce",laticinios,"0,400 kg",29,0.6,4.3,1,
5601009978342,"Canela","Pingo Doce",snacks,"",62.5,1,1.5,0.3,kcal incoerente com os macros
6040005590247,"Creme de Legumes sem Batata","Pingo Doce",laticinios,"0,900 kg",22,0.7,2,1.3,
2000003735570,"Creme Vegetais s/Batata c/Espinafres Un","Pingo Doce",laticinios,"0,400 kg",25,0.8,2.8,1.2,
2000003746446,"Creme de Legumes Un","Pingo Doce",laticinios,"0,400 kg",34,0.9,5.4,1.1,
2000003735822,"Sopa Camponesa Un","Pingo Doce",fruta,"0,400 kg",45,1.9,6.5,1.3,
2000003055326,"Creme de Cenoura sem Adição Sal Familiar","Pingo Doce",laticinios,"0,900 kg",29,0.6,4.3,1,
2000003734382,"Caldo Verde 400g","Pingo Doce",fruta,"0,400 kg",50,1.4,7.1,1.6,
2000002230502,"Creme de Cenoura","COMIDA FRESCA",laticinios,"0,900 kg",3.2,0.6,4.3,1,
2000003734405,"Creme Espinafres c/Coentros s/Batata Un","Pingo Doce",laticinios,"0,400 kg",24,1.3,1.2,1.6,
5607047004609,"Óleo de Coco Virgem","Go Bio",gorduras,"200 ml",891,0,0,99,
2000003055012,"Creme de Vegetais s/ Batata s/Adição Sal","Pingo Doce",laticinios,"0,900 kg",21,0.6,1.8,1.2,
2000003894871,"Creme de Cenoura","Pingo Doce",laticinios,"0,900 kg",29,0.6,4.3,1,
5602586100706,"Miolo de pevide de abóbora cru","Frutorra",gorduras,"150g",588,35,2.2,48,
5607047010877,"Açúcar de Coco Biológico","Pingo Doce",gorduras,"500 g",382,1,94,0,
5905912427905,"Xarope de Ácer Canadiano Grau A","Go Bio",snacks,"235 ml",359,0,89,0,
5907707118449,"Syrop z Agawy","Go Bio",snacks,"250 g",302,0.5,75,0,
5601009941643,"Água de nascente","Pingo Doce",snacks,"33 cl",0,0,0,0,
5601009955831,"Cola Zero","Pingo Doce",snacks,"",1,0.2,1,0.1,
5607047006030,"Limonada Clássica","Pingo Doce",laticinios,"750 ml",48,0.5,12,0.5,
5607047016633,"Sumo com Proteína Whey Manga e Curcuma","Pingo Doce",snacks,"250 ml",76,5.6,13,0,
5601009972647,"Iced Tea Limão","Pingo Doce",snacks,"2 l",19,0.5,4.8,0,
5601009970445,"Cola Clássica","Pingo Doce",snacks,"2 l",31,0,7.7,0.1,
5601009991716,"Ananás","Pingo Doce",snacks,"1,5 l",32,0.1,7.9,0.1,
5607047006849,"Limonada Limão Frutos Vermelhos","Pingo Doce",laticinios,"750 ml",48,0.5,12,0.5,
5601009984435,"Sumo Natural Maçã com Cenoura","Pingo Doce",snacks,"25 cl",52,0.3,12.6,0.1,
5601009951949,"Frutíssimo Ananás, Coco Laranja","Pingo Doce",snacks,"",46,0.2,11.3,0.1,
5601009996971,"Ice Tea Manga","Pingo Doce",snacks,"0,5 l",20,0.5,5,0,
5601009973996,"Cerveza con limon panaché","Pingo Doce",snacks,"250 ml",13,0.2,2.5,0.5,
5601009993765,"Energy Drink","Be Power",snacks,"250 ml",2,0,0,0,
5607047015469,"Mojito limão, lima & maçã","Pingo Doce",snacks,"750 ml",21,0.3,5.3,0.3,
5601009987115,"Iced Tea Limão","Pingo Doce",snacks,"330 ml",19,0.5,4.8,0,
5601009958344,"Iced tea manga lata PD","Pingo Doce",snacks,"",20,0.5,5,0,
5601009958764,"Iced tea pêssego lata PD","Sem marca",snacks,"",20,0.5,4.9,0,
5601009969180,"Iced tea pêssego PD 200ml","Sem marca",snacks,"",20,0.5,4.9,0,
5607047007969,"Shot botanic love Maçã, Infusão de Camomila e Lavanda Espirulina","Pingo Doce",snacks,"125 ml",27,0.5,6.7,0,
5902854106516,"Energy Drink +Vitamins Classic","Be Power",snacks,"500 ml",23,0,4.9,0,
8480000861610,"No lactose milk","Hacendo",laticinios,"",38,3.4,5,0.5,
8480000860873,"Yogures 0% con fruta","MERCADONA",laticinios,"1 kg (8 x 125 g)",45,4.5,6.5,0.1,
8480000213303,"Bífidus 0% con frutos silvestres","MERCADONA",laticinios,"",46,3.8,7.5,0.1,
8402001010279,"hacendado+proteinas","MERCADONA",laticinios,"280 g",50.7,7.1,4.2,0.4,
5608247080851,"Preparado de Carne Porco","PCarnes",carnes,"0,400 kg",146,17.9,2.7,7.1,
2380192003842,"Bifes Frango","Lusiaves",carnes,"",104,21.5,0.1,1.8,
2308420003419,"Lombinho Porco","Natur-All",carnes,"0,487 kg",131,21,0,5.1,
2308094003838,"Preparado Lombinho Provençal","Costa Brava",carnes,"0,391 kg",112,17.8,3.1,3.2,
8480000836878,"pão rústico com Massa Lêveda","O Forno de Mercadona",cereais,"250 g",268,8.9,54.3,1,
8480000602350,"Barra de Pan","El Horno de Mercadona",cereais,"300 g (2 x 150 g)",262,8.9,52.4,1.3,
8480000836847,"5 cacetinhos","O Forno de Mercadona",cereais,"700 g",258,8.4,52,1,
8480000523532,"Pão","Sem marca",cereais,"450 g",207.1,9.3,33.9,2.5,
8480000864833,"Tortitas de arroz y legumbres","MERCADONA",cereais,"4 tortitas (27,3 g)",366,25,55,3.1,
8480000060198,"sumo maçã","Refresco",laticinios,"1,5 l",10,0,2.2,0,
8480000600158,"Cocktail Tostado 0% Sal Añadida","MERCADONA",gorduras,"200 g",629,22,12,53,
8480000168337,"Combinado Nuts","MERCADONA",gorduras,"200g",494,14.4,36,31.3,
8480000038524,"Guacamole","MERCADONA",snacks,"200 g",149,1.9,2,13.7,
8480000235794,"Ketchup","MERCADONA",snacks,"600 g",115,1.3,27,0,
5601616210378,"Bicos de Pato","O Forno de Mercadona",snacks,"300 g",321,8.5,50.3,8.5,
8002190020266,"Cracker sem sal à superfície","Galbusera",snacks,"500 g",438,10,69.2,12.8,
8480000198174,"Stevia","MERCADONA",snacks,"200g",0,0,97.6,0,kcal incoerente com os macros
5060166690380,"Bebida energética","Monster Energy Ltd",snacks,"500 ml",47,0,12,0,
5603722512568,"líquido morango","Mimosa",laticinios,"6 x 175 ml / 6 x 184 g",68,3.1,13.4,0.2,
5605222050526,"Requeijão Pasteurizado - Meio Gordo","Lactimonte",laticinios,"220 g",128,9.1,5.2,7.9,
4056489199878,"Queijo Fatiado Flamengo dos Açores Light*","Terra do Vento",laticinios,"200 g",276,28,0.5,18,
5608201000024,"Requeijão de Ovelha","Grupo Queijos Tavares",laticinios,"250 g",193,11,5.8,14,
5605222030313,"Queijo Fresco de Vaca Pasteurizado meio gordo","Lactimonte",laticinios,"200 g",183,15,3.2,15.3,
5603729555995,"Requeijão","Lactifeita",laticinios,"200 g",149,9.6,4.3,10.4,
5605222040404,"Queijo Fresco Cabra","Lactimonte",laticinios,"150 g",262,15.6,4,20.4,
4056489050674,"Queijo Ilha 5 meses","Sem marca",laticinios,"400 g",413,26.6,3.2,32.6,
5608201002509,"Queijo de Ovelha Curado Amanteigado","Grupo Queijos Tavares",laticinios,"",357,19,2.8,30,
5603672003079,"Queijo de Vaca e Ovelha Curado","Alvelhe",laticinios,"",328,19,2.3,27,
2223710003262,"Parmigiano Reggiano DOP* 24 mesi","Italiamo",laticinios,"",402,32,0,30,
4056489050773,"Requeijão","Terra do Vento",laticinios,"200 g",111,9.9,6.5,5,
2972340003530,"Queijo 1/4 Bola Flamengo dos Açores","Terra do Vento",laticinios,"",358,22.3,0.5,29.2,
4056489406679,"Boisson lactée saveur chocolat","Envia",laticinios,"330 ml",64,10.1,5,0.3,
4056489685937,"Yogur High Protein Coco","LIDL",laticinios,"200 gram",72,10,6.3,0.6,
4056489724070,"Mousse Proteica Gusto Cioccolato","LIDL",laticinios,"175 gram",86,10,5.8,2.2,
4056489382720,"yogurt high protein","milo ma",laticinios,"2 x 170 g",76,9,10,0,
5604925610228,"Cubos de Fiambre Porco","Sem marca",carnes,"2 x 75 g",88,16,1.6,2,
5601010131279,"Atum selvagem posta ao natural","Ramirez",carnes,"84 g",98,23,0.5,1.1,
5600395035950,"Atum em Óleo Vegetal","Sem marca",carnes,"110 gram",200,23.5,0,11.6,
4056489032427,"Lombos de Salmão sem Pele","Ocean Sea",carnes,"500 g (4 x 125 g)",205,20,0,14,
4056489143963,"Atún claro en aceite de girasol","Nixe",carnes,"",198,27,0,10,
4056489294832,"Atún Claro en aceite de Oliva","Nixe",gorduras,"210 g (3 x 70 g)",370,17,0,33.6,
5604450290018,"Atum em azeite","Bela Aurora",gorduras,"78 g (120 g)",221,23,0,14.3,
4335619285644,"Filete Atum Em Azeite","Lidl",carnes,"85g",341,19,0.7,29,
8410063056180,"Miolo Camarão Selvagem Gigante 15/30","Pescanova",carnes,"250 g",48,10.8,0,0.5,
5607233673107,"Milho e Sementes de Girassol","Sem marca",cereais,"435 g",273,9.9,46,4.7,
5609627161207,"Pão de Mistura Trigo e Centeio","Grande Forno",cereais,"450 g",257,7.2,45.9,3.9,
4056489201069,"Croutons Clássicos","A Minha Padaria",cereais,"150 g",386,12,71,4.9,
5601286221780,"Cotovelos F","Milaneza",cereais,"500 g",354,12,71,1.8,
5902884463764,"Muesli Chocolate Branco Frutos e Muesli","OneDayMore",cereais,"400 g",387,11.1,61.4,8.4,
5902884463757,"Muesli Frutos e Muesli","OneDayMore",fruta,"400 g",390,11.5,58,10.3,
5902884463740,"Muesli com Chocolate","OneDayMore",cereais,"400 g",399,12.2,64,8.4,
5600396643284,"Fuba de Bombá Fuba de Angola","Funjada",cereais,"400 g",144,1.8,36,0,
5000157024671,"Beanz in a rich tomato sauce","H J Heinz Foods UK Ltd",fruta,"415g",79,4.7,12.9,0.2,
5603152115674,"Croissants Simples","A Minha Padaria",snacks,"450 g",373,6.9,47,17,
5600286004133,"Sumo Natural Maçã de Alcobaça • IGP com Framboesa","Frutta Nature",laticinios,"1,5 l",53,0.6,12,0.4,
4056489507802,"Anacardo/Castaña-de-cajú tostado/torrada","Aleso",gorduras,"150 g",620,21.3,22,48.8,
5601474313617,"Manteiga de Amendoim cremosa","Cistér",gorduras,"340 g",630,29.5,7.4,52,
5601474313600,"Manteiga de Amendoim com Pedaços","Cistér",gorduras,"340 g",622,30,8.6,51,
5600281908986,"Doce de Maçã","Quinta das Poesias",gorduras,"300 g",181,0.2,44,0.3,
4056489189039,"Groselhas-negras com mel","Alpenfest style",gorduras,"245 g",182,0.7,41.6,0.4,
5600332753763,"Doce Pêssego","Sabores da Gardunha",gorduras,"270 g",325,4.7,76,0,
5600396643246,"Piri Piri Jindungo Extra Forte","AFG",snacks,"200 ml",79,0.5,2.1,7.3,
4056489574392,"Crock Biscuit Goût Chocolat","LIDL",snacks,"500 g",480,5.8,67,20,
5604993546436,"Bolachas de Amendoim","Avó Elvira",snacks,"260 g",504,11,55,26,
5602519481384,"Linguas de veado","A Minha Padaria",snacks,"300 g",497,5.7,64,23.9,
5602519483180,"Esses","A Minha Padaria",snacks,"300 g",478,5.9,67.1,20.2,
5602519480806,"Biscoitos de Canela","A Minha Padaria",snacks,"360 g (300 g + 60 g)",430,7.8,63,15.6,
4056489762720,"High protein milk chocolate crisp","Fin Carré",snacks,"90g",506,30,27,32,
09107439,"Preto Equador","J.D: Gross",snacks,"125 g",594,12.5,12.7,51.1,
4056489997665,"Protein Bar Peanuts & Caramel Flavour","Sponser",snacks,"50g",389,32,24,20,
4056489043911,"Corn Snack","Sol&Mar",snacks,"100 g",520,4.3,61.1,26.7,
0602230042302,"Red Velvet","A Minha Padaria",snacks,"",329,4.6,38,17.1,
5602519486136,"Queijadas de Amêndoa","A Minha Padaria",snacks,"",325,3.4,71.3,2.5,
4335619096448,"Soja Vanille Geschmack","LIDL",laticinios,"500g",69,3.5,9.3,1.8,
4056489256038,"Ciruelas sin hueso","LIDL",fruta,"250 g.",221,1.8,48.5,0.7,
4056489810193,"Tomate","Maribel",fruta,"",244,0.8,58.7,0.3,
4056489043379,"cola zero","Freeway",snacks,"",4,0,0.1,0,
5601002120496,"Leite meio-gordo","Polegar",laticinios,"1 l",46,3.2,4.8,1.6,
5603722521294,"líquido, magro, ananás","Mimosa",laticinios,"6 x 155 g",32,3.2,3.7,0.2,
5603722521270,"líquido, magro, ananás e coco","Mimosa",laticinios,"6 x 155 g",32,3.2,3.7,0.2,
8410634014533,"Queso fundido","Polegar",laticinios,"450 g",213,12,12,13,
5603369255972,"Requeijão de Vaca e Ovelha","Serras de Penela",laticinios,"250 g",164,9.1,4.8,12,
5601002119667,"Mozzarella queijo ralado","Polegar",laticinios,"200 g",319,25,4,22.5,
5902899144368,"Queso Cremette Classic","Cremette",gorduras,"150 g",256,6.7,3.2,24,
8012900001317,"Mozzarella","Solo Italia",laticinios,"125 g (200 g)",231,16.6,1.5,17.6,
5608201582025,"Queijo de Vaca Curado Amanteigado","Grupo Queijos Tavares",laticinios,"",302,18,3.4,24,
4030011180282,"Творог деревенский","Milochka",laticinios,"275g",163,15.3,3.6,9.7,
8002626305011,"Mascarpone","Sabelli",laticinios,"250 g",401,5.9,2.1,41,
5603722520532,"Proteína Quark Stracciatella","Mimosa",laticinios,"280 g (2 x 140 g)",69,11,2.6,1.1,
5606436561907,"Requeijão de Ovelha","Segredos da Serra",laticinios,"200 g",109,7.8,5.2,6.3,
8001790442324,"Mascarpone","Isabella",laticinios,"250 g",352,4,5.3,35,
8017055020800,"Ricotta","Sabelli",laticinios,"250 g",190,7.2,4.3,16,
5604661000826,"Queijo de Ovelha Curado Amanteigado Lagos","Lagos",laticinios,"",366,19.8,2.2,30.9,
5602384001717,"Requeijão de Ovelha Azeitão","Queijos Santiago",laticinios,"200 g",196,10,4.5,16,
2870078005003,"Queijo de Vaca e Ovelha","Serras de Penela",laticinios,"Variável, ~500 g",283,15.3,5,22.5,
2870044005006,"Meio Gordo","Paiva",laticinios,"Variável, ~500 g",283,23,2.5,20,
2875927005005,"Queijo do Pastor","Seia do Tavares",laticinios,"Variável, ~500 g",356.9,19,2.7,30,
2870262005000,"Queijo Curado Meio Gordo","Fonte Mourisca",laticinios,"Variável, ~500 g",237,21,0.5,17,
2870263005009,"Queijo Curado Vaca e Ovelha Mistura","Fonte Mourisca",laticinios,"Variável, ~500 g",303,20,0.5,24,
5608201582155,"Queijo de Vaca Curado","Grupo Queijos Tavares",laticinios,"",302,18,3.4,24,
5601010211223,"Sardinhas Selvagens em Azeite Virgem Extra Bio","Ramirez",gorduras,"88 g (125 g)",240,24,0,16,
8412540009399,"Salmão Fumado Eco-Bio","Martiko",carnes,"80 g",205,21,0,13,
5603344611014,"Sardinhas em óleo vegetal","General",carnes,"125 g (88 g)",228,24,0.1,15,
4750616003655,"Cod Liver in own oil","Mono More",carnes,"121 g",360,8.5,0.4,36,
5601010611900,"Sardinhas em Azeite de Oliveira La Rose","La Rose",carnes,"88 g",249,21,0.8,15,
8429583442748,"Petingas em Azeite","Frinsa",carnes,"60 g",280,22,0,21,
5600968900357,"Sardinhas em azeite","Socilink",gorduras,"120 g (90 g)",216,23,0,14,
5601943001700,"Carapaus em Azeite","Fides",carnes,"120 g (84 g)",204,23,0,16.2,
6971835850457,"Nori-Seetang","Miyata",carnes,"14 g",289,41,0.7,3.4,kcal incoerente com os macros
5601002119766,"Salsichas tipo frankfurt","Polegar",carnes,"200 g (350 g)",143,8.7,3.5,10.3,
5601002123138,"Pão de Forma","Polegar",cereais,"600 g",260,9.3,48,2.8,
5600341930445,"Granola Bio","Seara",cereais,"300 g",450,9,65,15,
5900020036964,"Cheerios Aveia Maçã e Canela","Nestlé",cereais,"300 g",384,9.7,67,6.4,
5602691250624,"Pão de Ló Conventual","Fabridoce",cereais,"200 g",339,11.8,38,15,
8710438116250,"Sweet Potatoes","McCain",cereais,"500 g",161,2,24,5.5,
5601002119674,"Farinha de trigo sem fermento","Polegar",cereais,"1 kg",350,10,74,1,
2111287000022,"Tarte de Nata Un","Sem marca",cereais,"",322,6.3,53.2,10.3,
5601002119742,"Grão-de-bico cozido","Polegar",gorduras,"400 g (540 g)",115,6.5,13,2.3,
5601002119728,"Feijão-frade cozido","Polegar",gorduras,"400 g (540 g)",88,6.4,11,0.7,
5601315132001,"Mistura de Legumes para Sopa Ultracongelada","Sem marca",fruta,"1 kg",34,1.2,6.6,0.5,
5602036205012,"Mulata","Moaçor",snacks,"175 g",428,7.7,79,10,
5604772200092,"Caramelos duros mini sabor a café","Drops Villa",snacks,"100 g",388,0,97,0,
5609060092496,"Croffee Cereais com Café","Delta",snacks,"105 g (5 x 21 g)",405,7.2,74,7.9,
7622201639419,"Pim's","Triunfo",snacks,"150 g",398,10.4,65,13,
2111225000015,"Bolo rainha","museu do pão",snacks,"450 g",34,5.4,45,15.3,kcal incoerente com os macros
5601002048110,"Rebuçados","Polegar",snacks,"400 g",387,0,96.1,0,
5602070003025,"Pastel de Chaves IGP","Carina",snacks,"4",351.9,8.8,29,22.3,
5609060092519,"Croffee Barra de Cereais com Café","Delta",snacks,"21 g",425,7.2,74,7.9,
2110591000025,"Bola de Berlim:c/ Creme un","Sem marca",gorduras,"",326,6.3,35,17,
4335619106574,"Gelatina","High Protein",snacks,"4 x 100 g",40,10,0,0,
5601002124500,"Sementes de chia","Sem marca",gorduras,"200 g",456,14.4,4.6,34.4,
5600289150332,"Chipz","Fruut",fruta,"",357,17,80,0.5,
7613038877044,"Almond Latte","Nescafe",snacks,"96g",406.3,5,63.8,13.8,
5604321031085,"Cem Porcento Hambúrguer Proteico Tofu e Chia","Cem Porcento",snacks,"200g",270,13.4,5.5,20.6,
